,Source,Target,CAMEOCode,NumEvents,NumArts,SourceGeoType,TargetGeoType,ActionGeoType,SourceGeoLatInt,TargetGeoLatInt,ActionGeoLatInt,Month
1195,11263,11263,21,1,1.0,3,4,4,38,-17,-17,1
1691,11263,6932,19,1,9.0,4,4,4,0,0,0,1
2533,11263,11263,11,1,2.0,4,4,4,52,52,52,1
2534,11263,11302,11,1,5.0,2,2,2,37,37,37,1
5224,11263,11263,20,1,2.0,3,3,3,27,27,27,1
5887,11263,11263,11,1,5.0,1,1,1,38,38,38,1
12678,11263,7033,20,1,2.0,4,1,4,31,38,31,1
12679,11263,11408,20,1,3.0,3,3,3,38,38,38,1
17417,11263,11297,11,1,5.0,3,3,2,34,34,33,2
17418,11263,11297,19,1,5.0,3,3,3,33,33,33,2
99656,11263,3099,21,2,9.0,2,4,2,42,41,42,6
99657,11263,11263,21,2,4.0,2,2,2,42,42,42,6
147672,11263,11634,9,1,1.0,3,3,3,38,38,38,9
169484,11263,7061,21,1,36.0,4,4,4,39,39,39,10
193012,11263,5309,1,2,2.0,1,1,1,42,42,42,11
193891,11263,4167,8,1,5.0,2,2,2,36,36,36,11
198223,11263,4167,20,1,3.0,4,4,4,35,35,35,12
202495,11263,7061,20,2,8.0,4,4,4,35,35,35,12
235008,11263,11263,3,3,6.0,3,3,4,29,29,40,2
255528,11263,3759,9,2,10.0,2,4,4,42,8,8,3
255529,11263,11263,9,2,10.0,4,4,4,37,37,37,3
259002,11263,11263,1,1,2.0,2,4,2,42,8,42,3
260365,11263,5309,9,1,2.0,2,2,2,42,42,42,3
260366,11263,5322,9,2,4.0,4,4,4,8,37,8,3
260367,11263,8784,3,3,8.0,4,4,4,37,37,37,3
260368,11263,8784,9,1,2.0,2,2,2,42,42,42,3
269638,11263,2827,3,1,9.0,4,4,4,35,35,35,3
269639,11263,2827,20,2,5.0,4,4,4,35,35,35,3
270368,11263,5309,9,2,5.0,4,4,4,30,30,30,3
270369,11263,5322,9,1,2.0,4,4,4,30,37,37,3
272136,11263,2827,20,1,5.0,3,1,3,29,39,29,3
272137,11263,8784,9,1,5.0,3,4,4,38,30,8,3
275920,11263,2827,20,1,5.0,3,1,3,29,39,29,4
275921,11263,8784,9,1,5.0,3,4,4,38,30,8,4
281134,11263,2827,20,1,5.0,3,1,3,29,39,29,4
281135,11263,8784,9,1,5.0,3,4,4,38,30,8,4
329580,11263,4167,21,1,1.0,3,3,3,33,33,33,6
330290,11263,11263,3,1,5.0,3,1,1,38,16,15,6
336767,11263,6477,3,1,5.0,2,2,2,41,41,41,6
346997,11263,11263,4,1,3.0,4,4,4,35,35,35,7
346998,11263,11263,20,1,3.0,2,3,3,31,29,29,7
346999,11263,11263,22,1,3.0,2,3,3,31,29,29,7
347000,11263,11263,16,1,3.0,2,3,3,31,29,29,7
348311,11263,4091,20,2,3.0,3,3,3,38,38,38,7
350349,11263,11263,5,1,5.0,1,1,1,38,38,38,7
357390,11263,2339,12,1,5.0,2,2,2,37,37,37,7
363029,11263,5694,20,1,5.0,1,1,1,5,5,32,8
393040,11263,2791,22,1,2.0,3,3,3,38,38,38,9
393041,11263,11263,3,2,4.0,2,2,2,42,27,27,9
410055,11263,28,17,1,9.0,1,4,1,13,15,13,10
419358,11263,2321,1,1,2.0,1,4,4,23,39,39,10
421736,11263,11263,7,1,2.0,3,3,3,40,40,40,10
423478,11263,11263,1,1,5.0,1,1,1,38,38,38,10
453214,11263,3759,12,1,7.0,2,4,2,36,7,36,11
464208,11263,11263,20,1,2.0,2,2,2,40,40,40,12
464947,11263,11263,3,1,1.0,2,3,3,41,41,41,12
472552,11263,2827,6,1,1.0,1,1,1,31,31,31,12
484018,11263,11263,19,1,3.0,2,2,2,42,42,42,12
497587,11263,11263,20,1,2.0,3,3,3,25,25,25,1
505237,11263,6932,11,1,2.0,2,1,1,42,9,9,1
525307,11263,6969,20,1,5.0,1,1,1,13,13,13,2
525308,11263,11263,21,1,1.0,3,3,3,34,34,34,2
541558,11263,6477,12,1,3.0,2,2,2,42,42,42,3
550912,11263,532,21,2,5.0,3,4,4,42,48,48,3
557208,11263,11263,1,2,3.0,3,2,2,42,43,43,3
561788,11263,3128,21,1,3.0,3,3,3,38,38,38,3
562686,11263,10852,8,2,4.0,1,4,4,38,35,35,4
563561,11263,5309,2,2,8.0,4,4,4,35,39,35,4
563562,11263,5541,20,2,11.0,1,4,4,38,41,41,4
563563,11263,11263,20,1,7.0,1,4,4,38,41,35,4
564685,11263,5541,20,1,5.0,3,3,3,38,38,38,4
564686,11263,10852,8,1,5.0,2,4,4,42,41,41,4
566481,11263,2137,11,1,4.0,4,4,4,52,52,52,4
574412,11263,3759,9,1,1.0,4,1,1,33,31,31,4
579621,11263,1496,4,1,3.0,2,2,2,39,39,39,4
593055,11263,1579,19,1,1.0,3,3,3,38,38,38,5
593056,11263,11263,7,1,3.0,1,1,0,40,40,0,5
593057,11263,11263,16,1,7.0,3,3,3,41,41,41,5
593058,11263,11263,19,1,1.0,2,2,2,42,42,42,5
594145,11263,1579,19,1,1.0,2,1,2,41,15,41,5
594147,11263,10105,16,1,1.0,3,3,3,38,38,38,5
594148,11263,11263,19,1,1.0,2,0,0,42,0,0,5
603314,11263,11263,9,2,6.0,3,3,3,33,33,33,5
605426,11263,11263,5,1,7.0,3,1,1,38,-29,-29,5
606268,11263,11263,21,1,1.0,3,3,3,38,38,38,5
608335,11263,5541,20,1,4.0,3,3,3,38,38,38,5
608336,11263,11263,21,1,2.0,2,4,4,42,41,41,5
609364,11263,1556,9,2,5.0,1,2,2,52,42,42,5
623189,11263,11390,1,2,2.0,2,2,4,42,42,49,6
624384,11263,5541,21,4,5.0,4,4,4,41,41,41,6
631384,11263,11263,21,1,2.0,3,3,3,41,41,41,6
641203,11263,11263,1,1,4.0,4,3,4,39,38,39,6
642143,11263,11263,1,1,8.0,3,3,2,36,36,36,6
648242,11263,2137,8,2,3.0,4,4,4,14,14,14,6
648243,11263,2137,19,2,3.0,4,2,2,14,0,0,6
648244,11263,2137,19,2,3.0,4,2,2,14,0,0,6
648245,11263,9371,19,2,3.0,4,2,2,14,0,0,6
650803,11263,4167,1,2,6.0,2,2,2,36,42,36,7
650804,11263,11263,1,1,2.0,2,2,2,42,42,42,7
656569,11263,11263,7,1,2.0,3,3,3,38,38,38,7
656570,11263,11263,10,1,2.0,2,2,2,36,36,36,7
663157,11263,11263,1,1,3.0,3,3,3,40,40,40,7
679653,11263,11263,1,1,2.0,3,3,3,38,38,38,8
681179,11263,4167,12,1,5.0,2,2,2,42,42,42,8
682927,11263,11263,10,3,9.0,3,4,4,34,32,32,8
688903,11263,11591,11,1,2.0,3,1,3,37,5,37,8
705612,11263,8504,18,1,2.0,3,1,3,38,60,38,9
707845,11263,2137,19,1,2.0,1,1,1,31,33,31,9
707846,11263,11263,19,1,2.0,2,3,2,38,39,38,9
707847,11263,11297,19,1,4.0,2,3,2,38,39,38,9
724003,11263,11263,11,1,1.0,3,3,3,42,42,42,9
729754,11263,6969,8,2,9.0,4,4,4,32,32,32,10
769974,11263,11263,17,1,2.0,2,4,4,0,55,55,11
773335,11263,11263,21,1,2.0,3,3,3,40,40,40,11
777042,11263,3759,1,2,8.0,1,1,2,23,52,32,11
782809,11263,9528,20,1,5.0,3,2,2,42,42,42,11
783744,11263,11263,1,1,1.0,4,4,4,14,14,14,11
783745,11263,11263,1,1,2.0,1,1,1,38,38,38,11
790095,11263,11263,22,1,1.0,2,2,2,42,42,42,12
798094,11263,3759,1,1,5.0,4,4,4,34,34,34,12
805115,11263,4167,9,2,8.0,2,2,3,42,42,42,12
805116,11263,9528,9,2,6.0,2,3,0,42,42,0,12
805117,11263,11263,9,1,2.0,3,3,0,42,42,0,12
807336,11263,9409,7,1,2.0,4,4,4,45,45,45,12
821012,11263,3759,20,1,2.0,3,3,3,42,42,42,1
831708,11263,11263,21,2,2.0,2,2,2,37,27,27,1
850026,11263,4167,11,1,5.0,2,2,2,40,40,40,2
850027,11263,4167,19,1,5.0,2,2,2,40,40,40,2
876904,11263,11263,11,1,5.0,2,2,2,42,42,42,3
876905,11263,11263,19,1,5.0,3,3,3,41,41,41,3
880298,11263,9528,11,2,3.0,2,0,0,0,0,0,3
880299,11263,11263,1,1,4.0,2,2,0,0,0,0,3
880300,11263,11263,11,1,1.0,3,3,3,31,31,31,3
883488,11263,11263,19,2,3.0,3,3,3,42,42,42,3
921069,11263,4167,11,2,5.0,2,2,2,36,44,44,4
922242,11263,6969,3,1,3.0,3,3,3,38,38,38,4
923396,11263,6969,21,1,9.0,2,2,2,44,44,44,4
924600,11263,11263,14,1,3.0,3,2,2,37,36,36,4
928477,11263,11263,8,1,4.0,4,0,0,37,0,0,4
949797,11263,11263,4,1,1.0,1,4,4,38,10,10,5
996439,11263,9582,4,1,2.0,3,3,3,42,42,42,6
996440,11263,11263,3,2,3.0,3,3,3,33,33,32,6
1008826,11263,11263,4,1,8.0,2,2,2,35,35,35,7
1031471,11263,11263,13,1,5.0,4,4,4,32,32,32,7
1035245,11263,6286,19,2,2.0,4,4,4,32,33,32,8
1035246,11263,6286,19,2,2.0,3,3,4,38,38,33,8
1048722,11263,11263,17,1,1.0,3,0,0,38,0,0,8
1054054,11263,11263,9,3,4.0,2,4,4,34,39,39,8
1091849,11263,6477,8,1,5.0,3,3,3,38,38,38,9
1091850,11263,6477,11,2,5.0,2,2,2,42,42,42,9
1112322,11263,4167,1,1,8.0,3,4,4,21,10,10,10
1125904,11263,5253,20,2,5.0,1,4,4,53,33,33,10
1135268,11263,11263,2,1,3.0,3,3,3,38,38,38,11
1139206,11263,4167,10,1,5.0,3,3,3,28,28,28,11
1139207,11263,4167,17,1,5.0,3,3,3,28,28,28,11
1154534,11263,11263,20,1,3.0,1,1,1,60,60,60,11
1155518,11263,11263,17,1,5.0,3,3,1,38,38,29,11
1163403,11263,2321,7,1,2.0,3,3,3,40,40,40,12
1163404,11263,6286,21,1,2.0,2,2,2,40,35,40,12
1163405,11263,6477,7,1,2.0,4,4,4,33,33,33,12
1182136,11263,11263,5,1,6.0,1,1,1,-41,-41,-41,12
1187105,11263,11263,8,1,4.0,3,3,3,41,41,41,12
1193064,11263,11263,20,2,6.0,4,4,4,15,15,15,1
1204270,11263,11263,21,2,2.0,3,2,4,29,31,-34,1
1205442,11263,11263,4,1,3.0,3,3,3,38,38,38,1
1229257,11263,6477,1,1,2.0,3,1,0,38,39,0,2
1229258,11263,6477,11,1,2.0,2,2,2,39,39,39,2
1231242,11263,11263,9,1,2.0,3,3,3,42,42,42,2
1234716,11263,3961,1,1,2.0,2,2,2,39,39,39,2
1234717,11263,11263,1,2,2.0,4,0,0,37,0,0,2
1234718,11263,11263,1,3,6.0,2,2,2,39,39,39,2
1276149,11263,3402,3,1,2.0,1,1,1,38,38,38,3
1291789,11263,9207,20,1,5.0,4,4,4,45,45,45,4
1291790,11263,9207,21,2,7.0,4,4,1,32,32,38,4
1294186,11263,5459,20,2,3.0,4,1,1,31,38,38,4
1294187,11263,11263,22,2,7.0,4,4,4,31,31,31,4
1296998,11263,9207,9,1,6.0,3,3,3,37,38,37,4
1297903,11263,11263,20,1,1.0,3,3,3,42,29,29,4
1307199,11263,11263,12,1,5.0,2,2,2,36,36,36,4
1326566,11263,4226,18,1,2.0,1,1,1,38,38,38,5
1342479,11263,2321,1,1,2.0,1,3,3,9,38,38,5
1342480,11263,2321,1,3,10.0,1,1,0,38,38,0,5
1343761,11263,11263,20,1,2.0,3,3,3,32,32,32,5
1346232,11263,2885,17,1,3.0,2,1,2,27,15,27,5
1361923,11263,4167,1,1,2.0,2,2,2,42,42,42,6
1363896,11263,2137,17,1,1.0,3,4,3,38,14,38,6
1366598,11263,11263,7,2,2.0,1,1,1,38,38,38,6
1382532,11263,3759,5,1,2.0,3,3,3,38,38,38,6
1423431,11263,11263,7,1,5.0,3,1,1,42,19,19,7
1424604,11263,4091,17,1,3.0,2,3,3,40,41,41,8
1425881,11263,4190,20,1,5.0,3,4,4,38,14,14,8
1427067,11263,3759,6,1,1.0,3,3,3,38,38,38,8
1427068,11263,4190,20,3,9.0,1,4,4,38,15,15,8
1427069,11263,4190,6,2,5.0,1,4,4,38,15,14,8
1427070,11263,11263,1,1,2.0,1,4,4,38,14,14,8
1428132,11263,4167,19,1,4.0,1,1,1,38,38,38,8
1428133,11263,11263,2,2,2.0,2,2,2,18,18,18,8
1445464,11263,11263,4,1,4.0,1,1,1,38,38,38,8
1449639,11263,11263,21,3,4.0,3,3,3,41,41,41,8
1455478,11263,11263,9,1,3.0,3,3,3,38,38,38,8
1464033,11263,1212,1,1,8.0,3,3,3,42,42,42,9
1464035,11263,11263,9,1,5.0,3,3,3,42,42,42,9
1498904,11263,9528,11,1,5.0,4,4,0,39,55,0,10
1524841,11263,7061,20,1,3.0,2,2,2,42,42,42,10
1528067,11263,3759,12,1,4.0,2,4,2,42,50,42,10
1537674,11263,11263,20,3,6.0,3,3,3,32,32,32,11
1537675,11263,11263,18,1,6.0,3,3,1,32,32,23,11
1555743,11263,7033,1,1,2.0,1,1,1,15,15,15,11
1555744,11263,11322,1,2,2.0,1,1,1,60,60,60,11
1568473,11263,4289,4,1,2.0,2,1,2,35,12,35,11
1568474,11263,11263,4,1,2.0,3,4,4,42,18,18,11
1580921,11263,11263,1,1,1.0,4,4,4,10,10,10,12
1589433,11263,5253,20,3,8.0,4,4,4,54,54,54,12
1590271,11263,2137,8,1,2.0,1,1,1,38,38,38,12
1600876,11263,6477,3,1,3.0,1,1,0,38,38,0,12
1606637,11263,6286,21,1,4.0,3,3,3,38,38,38,1
1622477,11263,11263,20,1,3.0,3,3,3,29,29,29,1
1622478,11263,11263,21,1,1.0,3,3,3,29,30,30,1
1638492,11263,5694,11,1,1.0,1,1,1,12,12,12,1
1654686,11263,9573,3,2,2.0,2,4,4,42,46,46,2
1671695,11263,11263,17,2,9.0,2,2,2,31,31,31,2
1682224,11263,2241,5,1,2.0,1,1,1,42,42,42,3
1682225,11263,5459,11,1,1.0,2,3,3,42,37,37,3
1682226,11263,11263,11,1,1.0,2,3,2,42,40,42,3
1692539,11263,2791,20,1,1.0,1,1,1,38,12,38,3
1706830,11263,11263,3,1,3.0,3,3,3,41,41,41,3
1706831,11263,11263,16,1,3.0,3,3,3,41,41,41,3
1712165,11263,3227,11,1,3.0,3,3,3,41,41,41,3
1714762,11263,4167,17,2,6.0,3,3,3,33,33,33,3
1714763,11263,4167,19,1,6.0,3,3,3,33,33,33,3
1721668,11263,5253,21,1,5.0,3,3,3,38,38,38,4
1732147,11263,11263,7,1,4.0,1,1,1,15,16,16,4
1744074,11263,11263,22,1,2.0,1,1,1,13,13,13,4
1754195,11263,11263,5,1,3.0,3,3,3,38,38,38,5
1756913,11263,3844,11,1,5.0,1,1,1,38,38,38,5
1763721,11263,4167,21,1,2.0,2,2,2,31,31,31,5
1763722,11263,11263,21,1,2.0,3,3,3,26,26,26,5
1766113,11263,11263,4,1,1.0,3,3,3,34,34,34,5
1768468,11263,1212,1,2,5.0,3,3,3,41,41,41,5
1773918,11263,902,7,1,2.0,3,0,0,38,0,0,5
1779591,11263,4167,20,1,2.0,3,3,3,38,38,38,5
1779592,11263,4167,21,1,5.0,3,3,3,44,44,44,5
1779593,11263,11263,21,1,1.0,3,3,3,44,44,44,5
1792360,11263,11263,1,1,1.0,2,3,2,37,42,37,6
1792361,11263,11263,4,1,1.0,3,2,2,42,42,42,6
1809632,11263,2791,11,1,8.0,2,2,2,41,41,41,6
1809633,11263,11263,17,1,8.0,3,3,3,39,39,39,6
1810728,11263,11263,17,1,2.0,2,2,2,42,42,42,6
1816431,11263,4167,2,1,8.0,2,2,2,35,35,35,6
1816432,11263,4167,12,1,8.0,3,3,3,41,41,41,6
1825356,11263,11263,11,1,2.0,2,2,2,42,42,42,7
1848402,11263,11263,21,2,8.0,2,2,2,37,37,37,7
1873227,11263,6213,5,1,5.0,3,3,3,38,38,38,8
1873228,11263,6213,14,1,5.0,3,3,3,38,38,38,8
1888116,11263,3759,3,1,9.0,3,1,4,45,12,61,8
1912904,11263,6286,20,1,5.0,1,1,1,38,38,38,9
1927370,11263,11263,21,1,10.0,4,4,4,39,39,39,10
1928794,11263,11263,11,1,2.0,2,1,2,42,5,42,10
1933414,11263,1221,12,1,4.0,1,1,1,38,38,13,10
1948969,11263,3272,1,1,3.0,1,4,4,38,12,12,10
1948970,11263,3272,12,1,3.0,1,1,1,38,38,38,10
1948974,11263,4177,1,1,3.0,1,4,4,38,45,45,10
1948975,11263,4177,3,1,3.0,1,1,1,38,38,38,10
1948976,11263,4177,12,1,3.0,1,4,4,38,45,45,10
1967128,11263,8708,20,1,1.0,3,1,1,38,8,8,11
1971824,11263,3759,11,1,5.0,3,3,3,34,34,34,11
1973913,11263,3759,21,1,2.0,3,1,1,38,39,39,11
1973914,11263,11263,21,2,6.0,2,2,2,39,39,39,11
1975029,11263,11263,1,1,3.0,3,3,3,34,43,43,11
2005457,11263,2791,13,1,5.0,1,1,1,38,12,38,12
2011395,11263,4167,1,1,2.0,3,3,3,38,38,38,12
2011396,11263,4167,1,1,4.0,2,2,2,42,42,42,12
2018969,11263,6951,1,1,5.0,1,1,1,38,38,38,12
2025488,11263,3759,1,1,1.0,1,1,1,38,12,38,12
2031312,11263,3759,20,1,3.0,3,3,3,38,38,38,1
2035582,11263,4167,4,1,2.0,3,3,3,38,38,38,1
2035584,11263,9528,3,1,4.0,3,3,3,41,41,41,1
2035585,11263,9528,21,1,4.0,1,1,1,60,60,60,1
2035586,11263,9573,4,1,6.0,1,1,1,60,60,60,1
2035587,11263,11263,21,1,1.0,2,1,2,39,60,39,1
2044763,11263,11263,21,3,6.0,3,2,2,35,31,31,1
2045886,11263,7061,6,1,9.0,1,1,1,38,15,10,1
2051224,11263,9528,4,1,2.0,4,0,0,12,0,0,1
2051225,11263,9528,22,2,8.0,3,3,3,42,42,42,1
2079110,11263,11263,11,1,5.0,3,3,3,38,38,38,2
2080480,11263,11263,19,1,2.0,2,2,2,40,40,40,2
2139452,11263,6932,1,1,5.0,3,3,3,38,38,38,4
2148725,11263,11263,14,1,1.0,3,3,3,39,39,39,4
2152799,11263,11263,1,1,1.0,4,1,1,33,38,38,4
2176268,11263,11263,9,1,3.0,3,3,3,41,41,41,5
2185244,11263,4167,13,1,5.0,2,2,2,27,27,27,5
2185245,11263,11263,4,1,8.0,2,2,2,27,27,27,5
2185246,11263,11263,9,1,8.0,3,2,3,30,45,30,5
2207124,11263,6286,3,2,2.0,1,1,4,54,54,33,5
2207125,11263,6319,3,1,4.0,3,4,4,38,33,33,5
2207126,11263,6319,5,2,6.0,1,1,1,54,54,54,5
2235707,11263,1368,21,1,4.0,2,2,0,39,39,0,6
2237306,11263,11263,1,1,3.0,1,1,1,15,15,15,6
2237307,11263,11263,17,1,3.0,2,2,2,41,41,41,6
2249328,11263,11263,19,1,3.0,3,3,0,42,42,0,6
2250575,11263,11263,12,1,3.0,1,4,1,38,35,38,6
2250576,11263,11387,12,1,5.0,2,2,2,36,36,36,6
2257891,11263,8168,22,1,2.0,3,4,4,38,33,33,7
2257892,11263,9528,22,1,3.0,4,4,4,53,53,53,7
2266948,11263,4352,5,2,5.0,4,4,4,47,47,47,7
2272395,11263,2885,1,1,3.0,3,3,3,38,38,38,7
2272396,11263,3759,3,1,3.0,3,3,3,38,38,38,7
2276523,11263,3759,1,1,1.0,1,1,1,60,60,60,7
2276524,11263,3759,4,1,1.0,3,3,3,38,32,32,7
2276525,11263,4167,1,2,3.0,3,3,3,32,32,32,7
2282083,11263,11263,1,2,5.0,4,4,4,45,45,45,7
2284389,11263,104,20,1,3.0,3,3,3,38,38,38,7
2284390,11263,3099,20,1,3.0,3,3,3,40,40,40,7
2284391,11263,11380,1,1,2.0,1,1,1,-10,-10,-10,7
2286304,11263,3219,4,1,7.0,1,1,1,38,38,38,7
2286305,11263,3219,20,1,9.0,4,4,4,45,45,45,7
2286306,11263,3219,21,1,2.0,4,4,4,45,45,45,7
2286307,11263,3272,21,1,2.0,3,4,3,34,45,34,7
2286308,11263,11263,21,1,2.0,3,4,3,34,45,34,7
2287706,11263,11263,20,1,2.0,4,4,4,12,12,12,7
2294157,11263,8358,13,1,6.0,3,3,3,39,39,39,8
2294158,11263,11263,13,1,6.0,4,0,0,13,0,0,8
2295179,11263,11263,12,1,4.0,3,3,0,38,38,0,8
2295180,11263,11263,13,1,4.0,3,3,3,38,38,38,8
2300924,11263,11390,1,1,1.0,3,3,3,38,38,38,8
2300925,11263,11390,9,1,1.0,3,3,3,38,38,38,8
2308562,11263,11263,6,2,10.0,3,3,3,47,38,38,8
2320947,11263,11322,4,1,8.0,3,3,3,38,38,38,8
2327093,11263,11182,1,1,5.0,2,4,0,27,12,0,8
2349504,11263,4167,21,1,3.0,2,2,2,33,33,33,9
2355601,11263,2791,12,1,5.0,3,3,4,38,38,12,9
2374075,11263,3402,6,2,2.0,3,4,2,33,51,36,10
2374076,11263,3402,17,1,2.0,3,4,4,33,51,51,10
2379990,11263,11263,6,1,1.0,3,3,3,38,38,38,10
2381234,11263,3759,21,2,10.0,4,4,4,33,33,33,10
2387845,11263,1394,4,3,6.0,1,1,1,38,38,60,10
2395320,11263,6932,1,1,2.0,1,4,4,38,18,19,10
2418698,11263,2162,1,4,5.0,4,4,2,27,27,44,11
2418699,11263,2162,11,2,3.0,4,4,2,27,27,44,11
2418700,11263,11263,11,2,2.0,2,2,2,44,44,44,11
2425179,11263,11182,9,1,2.0,3,3,3,38,38,38,11
2426487,11263,6286,15,2,6.0,3,4,2,38,33,36,11
2427883,11263,6932,5,1,2.0,4,4,4,14,14,14,11
2436650,11263,11263,20,1,1.0,2,2,2,33,31,31,11
2446962,11263,3897,19,1,2.0,2,2,2,42,42,42,11
2446963,11263,10458,19,2,2.0,4,4,0,33,33,0,11
2458642,11263,9435,4,3,7.0,4,2,2,50,40,40,12
2469149,11263,11263,3,1,2.0,1,1,1,38,38,38,12
2473487,11263,11263,20,1,2.0,3,3,3,38,38,38,12
2494316,11263,104,18,2,2.0,3,3,4,39,39,-33,12
2502656,11263,11263,1,1,2.0,3,4,4,39,21,21,1
2512082,11263,11263,21,1,1.0,3,4,4,38,38,38,1
2521578,11263,3759,8,1,2.0,1,1,1,38,15,15,1
2521579,11263,9528,21,1,2.0,3,3,3,41,41,41,1
2540946,11263,11408,11,1,2.0,1,1,1,38,38,38,2
2567302,11263,1212,3,1,2.0,2,3,3,42,40,40,2
2591360,11263,28,19,1,4.0,3,3,3,38,38,38,3
2598122,11263,11263,4,1,3.0,2,2,2,44,44,44,3
2607796,11263,11263,3,1,2.0,3,0,0,38,0,0,3
2612007,11263,4167,21,1,3.0,3,3,3,27,27,27,3
2625514,11263,11263,11,1,7.0,4,4,0,33,37,0,4
2635629,11263,11263,1,1,3.0,3,3,3,33,33,33,4
2647424,11263,1521,20,2,3.0,3,3,3,38,38,38,4
2648724,11263,1521,20,2,3.0,4,4,4,51,52,33,4
2650153,11263,1212,7,1,2.0,2,0,0,42,0,0,4
2659815,11263,11263,1,1,1.0,2,1,1,27,12,12,4
2664034,11263,3219,21,1,5.0,4,4,4,51,51,51,5
2665492,11263,3219,21,1,9.0,3,3,3,38,38,38,5
2666746,11263,9528,3,2,7.0,3,3,0,38,38,0,5
2683008,11263,11182,20,1,2.0,3,3,3,38,38,38,5
2686361,11263,9528,21,1,2.0,3,4,4,40,32,32,5
2689521,11263,4167,3,1,7.0,4,4,4,33,33,33,5
2691039,11263,11182,20,1,5.0,3,3,3,34,34,34,5
2695250,11263,9528,20,1,2.0,3,3,3,34,34,34,5
2699677,11263,6932,1,2,2.0,1,1,1,38,38,38,5
2699678,11263,6932,1,2,5.0,1,1,1,49,49,49,5
2699679,11263,9528,9,1,5.0,1,1,1,38,38,38,5
2710836,11263,9528,22,2,7.0,4,0,0,55,0,0,6
2727756,11263,11263,19,1,2.0,2,2,2,31,31,31,6
2738841,11263,11263,21,1,1.0,1,4,4,38,33,33,6
2744852,11263,4167,1,1,5.0,3,3,3,38,38,38,7
2767544,11263,6286,19,1,2.0,4,1,4,33,35,33,7
2770638,11263,11182,20,1,2.0,3,3,3,38,34,38,7
2775104,11263,2471,20,1,1.0,3,3,3,33,33,33,7
2775105,11263,6286,15,1,6.0,4,3,0,33,41,0,7
2775106,11263,10458,8,1,1.0,3,4,4,38,33,33,7
2780587,11263,11263,1,1,7.0,2,2,2,44,44,44,7
2780588,11263,11263,5,1,2.0,3,3,3,38,38,38,7
2783692,11263,11263,20,1,2.0,4,0,0,20,0,0,8
2784875,11263,1414,11,1,9.0,1,4,4,38,35,35,8
2789383,11263,4167,11,1,2.0,2,2,2,42,42,42,8
2795820,11263,5637,7,1,5.0,4,0,0,37,0,0,8
2801810,11263,11263,9,1,8.0,3,4,4,41,-15,-15,8
2809734,11263,2137,1,1,5.0,3,3,4,38,38,52,8
2838570,11263,6969,1,3,7.0,4,4,4,32,19,32,9
2876778,11263,11263,5,1,2.0,2,2,2,42,42,42,10
2878437,11263,11263,3,1,3.0,3,2,2,40,39,39,10
2878438,11263,11263,3,1,3.0,3,3,2,38,38,41,10
2880077,11263,11263,20,1,1.0,3,3,3,38,38,38,10
2881614,11263,11263,1,1,2.0,4,4,4,14,14,14,10
2881615,11263,11263,1,1,2.0,1,1,1,65,65,65,10
2901977,11263,2791,1,1,9.0,3,2,3,38,42,38,10
2917765,11263,2376,20,1,2.0,3,2,2,34,36,36,11
2917766,11263,6286,21,1,1.0,1,1,4,38,35,33,11
2917767,11263,11263,1,1,1.0,3,4,4,38,33,33,11
2917768,11263,11263,1,2,2.0,1,4,1,46,33,37,11
2917769,11263,11263,21,2,3.0,1,3,3,35,38,38,11
2957908,11263,1785,21,1,5.0,1,1,1,38,38,38,11
2963879,11263,3510,21,1,4.0,2,4,4,35,-15,-15,12
2963880,11263,11263,21,2,4.0,2,4,2,35,-15,35,12
2965327,11263,11263,20,1,1.0,1,1,1,21,21,21,12
2974576,11263,2137,17,1,1.0,4,4,4,39,39,39,12
2994454,11263,2791,10,1,5.0,3,1,1,38,15,15,12
2999927,11263,13399,7,1,5.0,3,3,3,35,35,35,12
3054125,11263,3219,18,1,1.0,3,3,3,33,33,33,2
3054126,11263,5309,20,1,1.0,3,4,4,38,45,45,2
3058755,11263,7061,20,1,5.0,3,1,1,38,15,10,2
3060287,11263,7458,1,1,3.0,3,3,3,33,41,41,2
3065649,11263,9528,21,1,2.0,3,3,3,38,38,38,2
3065650,11263,11263,21,1,6.0,3,1,3,41,60,41,2
3067233,11263,7973,20,1,5.0,1,1,4,38,38,33,2
3119401,11263,3099,1,2,5.0,4,2,4,33,44,33,3
3121073,11263,3099,1,2,5.0,4,2,4,33,44,33,3
3136790,11263,4167,17,1,3.0,5,5,5,52,52,52,4
3145113,11263,9528,2,3,5.0,3,2,2,29,31,31,4
3145114,11263,11263,2,1,2.0,3,2,2,29,31,31,4
3145115,11263,11263,20,2,9.0,3,3,0,29,29,0,4
3169173,11263,4167,1,1,8.0,1,1,1,38,12,38,4
3181039,11263,11263,8,1,3.0,3,4,4,38,15,15,5
3191330,11263,8339,4,1,2.0,2,2,2,0,34,42,5
3191331,11263,8339,5,1,2.0,4,0,0,13,0,0,5
3191332,11263,11263,9,2,8.0,3,3,3,38,38,38,5
3195067,11263,2791,17,1,3.0,3,3,3,29,29,29,5
3226248,11263,4167,1,1,5.0,3,3,3,41,41,41,6
3226249,11263,4167,11,1,5.0,3,3,3,38,38,38,6
3236480,11263,4167,8,1,8.0,3,3,0,47,38,0,6
3236481,11263,4167,8,1,8.0,3,3,3,41,41,41,6
3236482,11263,4167,12,1,8.0,3,3,3,41,41,41,6
3244660,11263,4167,1,1,5.0,3,3,3,38,38,38,6
3247487,11263,9528,9,2,2.0,1,0,0,38,0,0,6
3247488,11263,9528,17,2,2.0,1,1,0,38,38,0,6
3247489,11263,11263,9,1,3.0,4,4,0,59,59,0,6
3247490,11263,11263,17,2,3.0,1,1,4,38,38,59,6
3248583,11263,2321,8,1,1.0,4,0,0,12,0,0,6
3252264,11263,11263,4,1,5.0,1,1,3,60,60,38,6
3261081,11263,5637,7,2,3.0,3,1,3,38,31,38,7
3265051,11263,3759,12,1,5.0,2,2,2,37,37,37,7
3265053,11263,11263,4,1,9.0,2,2,2,37,42,37,7
3273170,11263,11591,20,1,5.0,2,2,4,42,42,10,7
3292339,11263,4167,5,1,3.0,2,2,2,44,44,44,7
3292340,11263,7033,5,1,3.0,2,2,2,36,36,36,7
3294931,11263,11591,20,2,3.0,4,4,3,13,21,37,8
3297438,11263,4167,12,1,5.0,3,3,3,41,41,41,8
3297439,11263,6286,21,2,4.0,1,4,1,38,33,38,8
3306556,11263,11263,17,1,1.0,4,4,4,54,54,54,8
3309235,11263,4167,9,1,1.0,1,1,1,38,38,38,8
3327462,11263,11263,19,1,8.0,1,4,4,38,10,10,8
3338215,11263,11263,1,1,1.0,1,1,1,39,39,39,9
3372580,11263,11263,19,1,1.0,3,2,2,34,21,21,9
3373622,11263,3759,21,1,3.0,4,4,4,45,45,45,9
3379616,11263,11263,11,1,2.0,2,2,2,31,31,31,10
3402823,11263,11263,21,1,2.0,1,4,4,-12,55,55,10
3403959,11263,11322,13,1,2.0,2,2,2,44,44,44,10
3432469,11263,1773,1,1,6.0,3,5,3,38,35,38,11
3438771,11263,2137,17,1,4.0,3,3,3,38,38,38,11
3438772,11263,4167,5,1,7.0,2,2,2,40,37,37,11
3438773,11263,4167,10,1,7.0,3,3,3,38,38,38,11
3438774,11263,11263,1,2,5.0,2,2,2,40,37,37,11
3476359,11263,11263,9,1,1.0,2,2,2,36,36,36,12
3479070,11263,11263,17,2,3.0,2,3,3,37,38,38,12
3480102,11263,11263,8,1,5.0,3,3,3,29,29,29,12
3489439,11263,7449,17,1,1.0,1,1,1,38,15,38,12
3492258,11263,11263,21,2,8.0,2,3,2,44,45,44,12
3502413,11263,11322,21,1,3.0,3,3,3,39,39,39,12
3541326,11263,2791,2,1,9.0,4,4,4,30,30,30,1
3545198,11263,11380,1,2,5.0,1,2,2,13,39,39,1
3546721,11263,4167,1,1,2.0,3,2,2,34,36,36,2
3553125,11263,6477,17,1,3.0,1,1,1,38,15,38,2
3563708,11263,11263,18,1,2.0,1,1,1,42,42,42,2
3573318,11263,5520,11,1,3.0,4,4,4,37,37,37,2
3575548,11263,1212,17,1,4.0,3,3,3,34,34,34,2
3578502,11263,4167,1,1,2.0,2,2,2,40,40,40,2
3605705,11263,11263,9,1,5.0,3,1,0,38,39,0,3
3659323,11263,11591,3,1,7.0,1,1,1,38,38,38,4
3659324,11263,11591,20,1,7.0,2,4,4,39,21,21,4
3659325,11263,11591,21,2,7.0,2,4,2,39,21,39,4
3660745,11263,1459,1,1,9.0,1,1,1,35,35,35,4
3680268,11263,104,4,2,4.0,1,4,1,38,-26,38,4
3691930,11263,11263,9,1,4.0,1,1,1,38,38,38,5
3694368,11263,8660,4,1,4.0,4,4,4,8,8,8,5
3694369,11263,11263,4,1,4.0,2,4,2,42,50,42,5
3699228,11263,2638,20,2,4.0,2,2,2,21,21,21,5
3706679,11263,5541,3,1,3.0,2,2,2,42,42,42,5
3725019,11263,2791,11,1,2.0,2,2,2,42,42,42,5
3725020,11263,7061,21,1,9.0,1,1,1,13,13,13,5
3732995,11263,4167,1,1,9.0,3,3,3,32,32,32,6
3736831,11263,11591,21,2,9.0,4,4,1,21,21,38,6
3754084,11263,11263,2,2,3.0,3,3,3,40,40,40,6
3765541,11263,11263,20,1,1.0,1,1,1,38,38,38,6
3772838,11263,4167,11,1,5.0,3,3,3,41,41,41,6
3777161,11263,4167,13,1,5.0,2,2,2,42,42,42,7
3781954,11263,11263,11,1,2.0,3,3,3,41,41,41,7
3788020,11263,4167,22,1,5.0,3,3,3,40,40,40,7
3810643,11263,7061,3,1,9.0,1,1,1,39,39,38,7
3836735,11263,7061,21,1,1.0,3,3,3,38,38,38,8
3836736,11263,10105,21,1,4.0,3,3,0,38,38,0,8
3838156,11263,11263,21,2,9.0,4,0,0,51,0,0,8
3846461,11263,3759,20,1,5.0,1,1,1,60,60,60,8
3846462,11263,10105,20,1,5.0,3,4,4,47,13,13,8
3846463,11263,10105,6,1,5.0,3,4,4,47,13,13,8
3848130,11263,11263,20,1,9.0,3,3,3,38,38,38,8
3851791,11263,3402,21,3,9.0,4,4,1,51,51,35,8
3888807,11263,11263,1,1,4.0,4,4,4,16,16,16,9
3888808,11263,11263,2,1,4.0,2,2,2,44,44,44,9
3898122,11263,5838,17,1,1.0,3,3,3,38,38,38,9
3908293,11263,11263,9,2,4.0,2,3,3,37,38,38,9
3913751,11263,11263,1,1,2.0,3,3,3,34,35,35,10
3913752,11263,11263,1,1,2.0,1,1,1,38,38,38,10
3930834,11263,6932,20,2,5.0,4,1,1,39,32,33,10
3930835,11263,9409,20,3,9.0,4,1,4,39,32,39,10
3932286,11263,4167,8,2,2.0,2,3,3,36,37,37,10
3932287,11263,4167,19,1,2.0,4,4,4,31,31,31,10
3933856,11263,11263,4,1,1.0,3,3,3,38,38,38,10
3935542,11263,11263,20,2,9.0,3,3,3,37,37,37,10
3938911,11263,4167,1,1,5.0,2,2,2,27,27,27,10
3944720,11263,5838,8,1,2.0,2,2,3,44,44,38,10
3947395,11263,5541,20,1,4.0,2,2,2,42,42,42,10
3947396,11263,6932,5,1,2.0,1,1,1,38,38,38,10
3956421,11263,3844,2,1,5.0,2,2,2,31,31,31,11
3956422,11263,3844,21,1,9.0,1,1,1,38,38,38,11
3958710,11263,11263,1,1,5.0,3,4,4,38,5,10,11
3970509,11263,3961,20,1,2.0,1,4,1,38,38,38,11
3970511,11263,11263,20,1,3.0,3,3,3,34,34,34,11
3987363,11263,11263,21,2,3.0,3,3,3,42,42,42,11
3994305,11263,11263,1,1,2.0,1,1,1,51,51,51,12
3996968,11263,7033,20,1,18.0,1,1,1,38,15,38,12
4005244,11263,3759,1,1,2.0,2,2,2,36,36,36,12
4005245,11263,11263,1,1,4.0,2,2,2,42,42,42,12
4007445,11263,9528,12,1,4.0,3,3,3,32,32,32,12
4007446,11263,11182,12,1,1.0,4,0,0,55,0,0,12
4024785,11263,11263,21,1,2.0,3,3,3,38,38,38,12
4029779,11263,2791,17,1,4.0,1,1,4,38,38,60,12
4029780,11263,2901,3,1,5.0,3,3,3,38,38,38,12
4029781,11263,11263,17,1,2.0,3,3,3,38,38,38,12
4030972,11263,2901,8,1,2.0,2,0,0,36,0,0,12
4030973,11263,11263,8,1,1.0,3,3,3,38,38,38,12
4034092,11263,4167,1,1,5.0,2,2,2,36,36,36,1
4040903,11263,104,1,1,4.0,3,3,3,38,38,38,1
4060392,11263,5838,4,1,2.0,1,1,1,35,35,35,1
4061529,11263,8894,17,1,1.0,3,2,3,38,31,38,1
4076525,11263,11263,20,2,15.0,2,2,2,21,21,21,2
4080844,11263,8894,1,1,3.0,3,3,3,42,42,42,2
4083375,11263,11263,17,2,9.0,3,3,3,38,38,38,2
4093209,11263,11591,3,1,3.0,1,1,1,38,38,38,2
4106346,11263,5777,1,1,1.0,3,3,3,43,43,43,2
4112872,11263,5541,20,1,4.0,4,0,0,55,0,0,2
4128073,11263,4167,1,1,4.0,1,1,1,15,15,15,3
4129662,11263,11322,10,1,4.0,4,4,4,37,37,37,3
4139085,11263,11263,2,1,3.0,5,5,5,35,35,35,3
4139086,11263,11263,4,2,5.0,2,2,2,42,40,40,3
4177635,11263,11263,9,1,4.0,3,2,3,38,36,38,4
4192520,11263,8660,21,1,6.0,3,3,2,38,38,38,4
4192521,11263,9590,21,1,3.0,2,2,0,0,0,0,4
4199003,11263,4167,19,1,4.0,3,3,3,42,42,42,4
4227058,11263,11263,1,1,2.0,2,3,3,42,41,41,5
4227059,11263,11263,1,2,2.0,1,1,1,38,38,38,5
4231545,11263,11591,5,1,1.0,3,3,4,38,38,55,5
4251934,11263,11263,2,1,3.0,4,4,4,32,32,32,6
4268492,11263,6932,1,1,5.0,3,3,3,37,37,37,6
4273996,11263,11263,4,1,4.0,2,2,2,42,42,42,6
4276667,11263,1212,17,1,4.0,2,2,2,36,36,36,6
4282972,11263,7033,21,1,1.0,1,1,1,13,15,13,7
4282973,11263,11263,21,1,4.0,3,3,3,31,31,31,7
4290307,11263,11263,3,2,2.0,1,3,3,60,46,46,7
4293370,11263,3099,20,3,4.0,4,4,4,45,45,45,7
4294835,11263,11263,1,1,9.0,2,2,2,36,36,36,7
4294836,11263,11263,9,1,9.0,1,1,1,38,38,38,7
4310276,11263,11263,1,1,5.0,3,3,3,40,40,40,7
4321074,11263,11263,8,1,4.0,3,3,3,38,38,38,8
4375865,11263,11263,3,2,19.0,3,3,3,38,38,38,9
4384142,11263,11263,7,2,9.0,3,3,3,37,37,37,9
4392603,11263,2791,6,1,2.0,3,3,3,38,38,38,9
4414096,11263,8660,5,1,5.0,3,3,3,42,31,31,10
4414097,11263,11263,5,1,4.0,2,2,2,42,42,42,10
4427287,11263,11263,3,1,2.0,3,3,3,48,48,48,10
4429469,11263,11263,21,2,7.0,2,2,2,43,40,43,10
4433888,11263,6213,7,1,9.0,2,2,2,35,35,35,10
4460454,11263,11408,1,1,2.0,4,4,4,37,37,37,11
4460455,11263,11408,1,1,5.0,4,4,4,51,51,51,11
4473751,11263,4167,17,2,10.0,2,2,2,42,42,42,11
4533274,11263,11263,1,1,4.0,3,3,3,42,42,42,1
4591126,11263,2321,2,1,1.0,4,4,4,44,44,44,2
4591127,11263,2321,3,1,1.0,2,2,2,44,44,44,2
4599460,11263,11263,1,1,3.0,4,4,4,4,4,4,2
4600730,11263,5838,12,1,7.0,1,1,1,13,1,1,2
4600731,11263,11263,8,2,2.0,3,3,2,38,38,38,2
4600732,11263,11387,3,1,5.0,4,3,3,-40,38,38,2
4600733,11263,11387,8,1,5.0,3,2,2,38,38,38,2
4601641,11263,8583,20,1,9.0,3,3,3,47,38,47,2
4602945,11263,11263,1,1,4.0,3,3,3,47,38,47,2
4610229,11263,11263,5,1,5.0,1,1,1,13,13,13,3
4617322,11263,11263,1,1,2.0,2,2,2,40,40,40,3
4617323,11263,11263,5,1,2.0,3,3,3,42,42,42,3
4631869,11263,3759,21,2,3.0,3,1,3,29,-10,29,3
4633357,11263,4167,17,1,7.0,3,3,3,41,41,41,3
4650835,11263,11263,20,1,4.0,1,4,1,38,-17,38,4
4665176,11263,2321,11,1,1.0,2,2,2,42,42,42,4
4674016,11263,11263,20,2,3.0,3,4,4,38,35,35,4
4675205,11263,6286,8,1,2.0,0,0,0,0,0,0,4
4675206,11263,11263,20,2,3.0,4,3,3,33,43,43,4
4678168,11263,11263,1,1,4.0,3,3,3,43,43,43,4
4682776,11263,4167,21,1,9.0,3,4,4,34,27,27,4
4689419,11263,12910,19,2,15.0,2,2,2,42,42,42,5
4691001,11263,11263,1,2,9.0,0,0,0,0,0,0,5
4740238,11263,11263,11,1,2.0,2,2,2,44,44,44,6
4763201,11263,11263,4,1,2.0,2,2,2,38,38,38,6
4766888,11263,3219,5,2,5.0,1,1,1,54,46,46,6
4774399,11263,11263,21,1,4.0,2,2,2,42,42,42,7
4785415,11263,11263,8,1,5.0,4,4,4,21,21,21,7
4794000,11263,11322,21,1,4.0,3,3,3,37,37,37,7
4800697,11263,11263,1,1,3.0,3,3,3,38,38,38,7
4827877,11263,4167,1,1,4.0,2,2,2,36,36,36,8
4827878,11263,5838,4,1,4.0,3,3,3,38,38,38,8
4863269,11263,11263,1,1,3.0,4,2,2,33,42,42,8
4866173,11263,11263,17,1,2.0,4,4,4,30,30,30,9
4877059,11263,11263,6,2,5.0,2,2,2,43,44,44,9
4878452,11263,11263,5,1,3.0,3,3,3,32,32,32,9
4891415,11263,459,21,2,19.0,4,4,4,-37,-37,-37,9
4902876,11263,4167,20,1,2.0,2,2,2,40,40,40,9
4902877,11263,9573,20,1,3.0,2,0,0,40,0,0,9
4915514,11263,11263,12,1,2.0,3,3,3,42,42,42,10
4917187,11263,4226,11,1,2.0,4,2,2,35,37,37,10
4924059,11263,11322,22,2,6.0,3,3,3,41,41,41,10
4927192,11263,11263,1,1,4.0,2,2,2,42,42,42,10
4950162,11263,11263,12,1,2.0,3,1,1,38,25,25,10
4952666,11263,11263,20,1,3.0,1,1,1,39,51,39,10
4952667,11263,11263,21,1,4.0,2,2,2,42,42,42,10
4975867,11263,4167,12,1,5.0,2,2,2,42,42,42,11
4997962,11263,11263,12,1,5.0,3,3,3,39,39,39,11
5014009,11263,9508,21,1,4.0,3,3,2,40,40,37,12
5014010,11263,11263,20,2,3.0,4,4,4,44,44,44,12
5029266,11263,2321,19,1,7.0,3,3,3,38,38,38,12
5029267,11263,7061,19,1,7.0,3,3,3,40,40,40,12
5030796,11263,3759,20,2,5.0,3,2,3,42,42,42,12
5037882,11263,4167,5,2,5.0,3,3,3,37,37,37,12
5046596,11263,11263,1,1,3.0,5,5,5,35,35,35,1
5079443,11263,4167,22,1,5.0,2,1,2,42,15,42,1
5120217,11263,11263,18,1,2.0,1,1,1,38,38,38,2
5128246,11263,7033,15,1,1.0,1,1,1,33,33,15,2
5138378,11263,11263,21,2,4.0,2,1,2,36,16,36,2
5138379,11263,11591,21,2,4.0,2,1,2,36,16,36,2
5154289,11263,11263,21,2,18.0,3,3,3,42,42,42,3
5162586,11263,11263,1,1,9.0,1,1,1,39,39,39,3
5171127,11263,11263,5,1,5.0,3,1,1,38,-29,-29,3
5176259,11263,4167,11,1,5.0,3,3,3,38,38,38,3
5182119,11263,3759,1,1,4.0,3,3,3,28,28,28,3
5182121,11263,4167,11,1,3.0,2,2,2,31,31,31,3
5187496,11263,4167,20,1,2.0,3,3,3,34,34,34,3
5199931,11263,11263,21,3,7.0,3,3,3,41,41,41,4
5207807,11263,4167,11,1,1.0,1,4,4,38,34,34,4
5207808,11263,11263,11,1,1.0,3,3,3,38,38,47,4
5238335,11263,5309,20,1,5.0,3,1,4,38,39,35,4
5241701,11263,11263,1,1,5.0,2,2,4,42,42,17,5
5245872,11263,3759,2,1,5.0,1,3,3,49,40,40,5
5250292,11263,11322,9,1,7.0,3,3,3,38,38,38,5
5260274,11263,6213,7,1,10.0,1,1,1,16,16,16,5
5269479,11263,11263,1,1,10.0,2,2,2,36,36,36,5
5277998,11263,2055,19,2,6.0,4,4,0,10,-12,0,5
5280395,11263,2055,19,3,6.0,4,4,0,10,-12,0,5
5289416,11263,4167,20,1,3.0,3,3,3,38,40,40,5
5297649,11263,11263,3,1,7.0,1,1,1,38,38,38,6
5344760,11263,4167,11,1,7.0,1,1,1,38,38,38,6
5361238,11263,11263,12,1,5.0,1,1,1,-33,38,-33,7
5368492,11263,11263,1,1,2.0,2,2,2,42,42,42,7
5370577,11263,4167,1,1,6.0,3,3,3,41,41,41,7
5370578,11263,7061,9,1,4.0,3,3,3,41,41,41,7
5370579,11263,11263,20,1,6.0,2,2,2,44,44,44,7
5379534,11263,4167,6,1,5.0,3,3,3,41,41,41,7
5387114,11263,11263,11,1,1.0,1,4,0,38,37,0,7
5388837,11263,4167,1,1,1.0,3,4,4,41,40,40,7
5397440,11263,2791,20,3,7.0,3,3,3,38,38,38,7
5406103,11263,9528,21,1,3.0,4,4,4,31,31,31,7
5434220,11263,10852,1,1,1.0,3,3,3,42,42,42,8
5434221,11263,10852,20,2,5.0,1,0,0,38,0,0,8
5450539,11263,11263,9,1,9.0,3,3,3,38,38,38,8
5532256,11263,11263,20,1,5.0,5,4,4,23,28,23,10
5532257,11263,11263,19,1,1.0,3,2,2,40,40,44,10
5577972,11263,11263,20,1,2.0,1,1,4,38,38,22,10
5577973,11263,11263,21,1,1.0,3,3,3,29,29,29,10
5583699,11263,4167,5,1,3.0,1,1,1,38,38,38,10
5591061,11263,11380,11,1,2.0,2,2,2,41,41,41,10
5596256,11263,4167,6,1,5.0,2,2,2,43,43,43,11
5603456,11263,11263,5,1,3.0,3,3,3,38,38,38,11
5626626,11263,9706,21,2,6.0,3,3,3,38,47,38,11
5633784,11263,2471,21,1,5.0,3,2,2,38,31,31,11
5633785,11263,6286,8,2,2.0,3,4,4,38,33,33,11
5636462,11263,8311,19,1,6.0,2,2,2,36,36,36,11
5653627,11263,2791,20,1,2.0,3,2,3,38,44,38,11
5653628,11263,11263,20,1,4.0,2,2,2,0,0,0,11
5693693,11263,1212,3,1,3.0,2,2,2,39,39,39,12
5696071,11263,6213,22,1,5.0,3,3,3,42,42,42,12
5698067,11263,4167,19,1,5.0,2,2,2,32,32,32,12
5722022,11263,11263,1,1,4.0,1,1,1,20,20,20,1
5723558,11263,11263,1,1,2.0,1,1,1,38,38,38,1
5733574,11263,11263,1,2,11.0,0,0,0,0,0,0,1
5743331,11263,3759,1,1,3.0,1,1,1,38,38,38,1
5752194,11263,11263,19,1,8.0,2,2,2,39,39,39,1
5753804,11263,6213,17,2,3.0,1,1,1,38,38,38,1
5762671,11263,11322,2,1,7.0,3,3,3,38,38,38,1
5776955,11263,4167,6,1,9.0,3,3,3,38,38,38,2
5800500,11263,4167,21,1,5.0,3,3,3,45,45,45,2
5800501,11263,11263,20,1,3.0,2,2,2,45,45,45,2
5800502,11263,11263,10,1,1.0,2,2,2,45,45,47,2
5834472,11263,2137,4,1,2.0,2,2,2,44,44,44,3
5888489,11263,9207,22,1,5.0,3,3,3,45,45,45,4
5910252,11263,11306,21,1,2.0,2,2,2,39,39,39,5
5948879,11263,11263,1,1,4.0,3,3,3,38,38,38,6
5950790,11263,2791,7,1,1.0,2,2,2,42,42,42,6
5952682,11263,4167,1,2,5.0,1,1,0,38,38,0,6
5952683,11263,11263,1,1,2.0,1,1,1,38,38,38,6
5993248,11263,11263,12,1,2.0,1,1,1,0,38,38,7
6011217,11263,11390,1,1,10.0,2,2,2,42,42,42,7
6011973,11263,11263,11,1,3.0,2,3,3,39,40,40,7
6012820,11263,11263,12,1,5.0,4,4,1,33,33,31,7
6052624,11263,8152,5,1,1.0,2,1,1,36,60,60,8
6054061,11263,2321,1,1,5.0,3,3,3,38,38,38,8
6076959,11263,10165,1,1,1.0,2,2,2,39,39,39,9
6082687,11263,11263,1,2,3.0,3,3,3,45,45,45,9
6105541,11263,2137,17,1,9.0,3,3,3,38,38,38,10
6117637,11263,3759,11,1,2.0,1,4,4,38,14,14,10
6138811,11263,2800,1,1,2.0,2,2,2,42,42,42,11
6138812,11263,11263,1,2,4.0,2,3,2,42,40,42,11
6138813,11263,11302,1,1,3.0,3,3,2,40,40,42,11
6147448,11263,8297,9,1,3.0,2,2,2,27,27,27,11
6147449,11263,11263,13,1,4.0,2,2,2,42,42,42,11
6170718,11263,2791,20,1,3.0,1,1,1,16,16,16,11
6191017,11263,11263,21,1,1.0,3,3,3,42,42,42,12
6216203,11263,11263,20,1,5.0,3,3,3,38,38,38,12
6219354,11263,11263,5,1,5.0,1,4,1,38,52,38,12
6229188,11263,11539,21,1,9.0,1,1,1,38,38,38,1
6231333,11263,11263,21,1,6.0,2,2,2,44,44,44,1
6237587,11263,11263,21,1,1.0,4,4,4,16,16,16,1
6249848,11263,4167,1,1,5.0,3,3,3,42,38,42,1
6249849,11263,11263,8,1,5.0,3,3,3,42,42,42,1
6254701,11263,10165,21,1,5.0,3,3,3,38,38,38,1
6289193,11263,2321,5,1,2.0,2,2,2,42,42,42,2
6293399,11263,11263,6,2,11.0,0,0,0,0,0,0,2
6299930,11263,11263,4,2,8.0,3,3,3,37,37,37,2
6341247,11263,4167,4,1,5.0,2,2,2,27,27,27,3
6341248,11263,4167,11,1,5.0,2,2,2,40,40,40,3
6341249,11263,11263,3,2,2.0,1,4,4,35,45,45,3
6341250,11263,11263,4,1,3.0,1,1,1,38,38,35,3
6342495,11263,11263,3,2,2.0,1,1,1,38,38,35,3
6347868,11263,6477,2,1,5.0,2,2,2,36,36,36,3
6349446,11263,11263,1,1,2.0,2,2,2,42,42,42,3
6357970,11263,4167,1,1,4.0,2,2,2,27,27,27,3
6403748,11263,11263,9,1,6.0,3,4,3,43,37,43,5
6432941,11263,11263,20,2,8.0,2,1,2,42,46,42,5
6437116,11263,11302,1,1,3.0,3,3,3,38,38,38,5
6441065,11263,6932,1,1,2.0,3,4,4,38,14,14,5
6441066,11263,6932,17,1,5.0,3,3,3,34,34,34,5
6461012,11263,2321,22,1,9.0,1,4,4,38,12,12,6
6462436,11263,2055,21,1,1.0,1,1,1,38,38,38,6
6462437,11263,6932,21,1,7.0,4,4,4,4,4,4,6
6505986,11263,2791,7,1,8.0,4,4,4,33,33,33,6
6523754,11263,2800,9,1,2.0,3,3,3,38,38,38,7
6548718,11263,1212,6,1,8.0,3,3,3,38,38,38,7
6550993,11263,4167,10,1,8.0,1,1,1,15,15,15,7
6557961,11263,2806,21,2,9.0,2,2,2,36,36,36,7
6564634,11263,1773,20,1,18.0,2,2,2,35,35,35,7
6575721,11263,11263,4,1,1.0,0,0,0,0,0,0,8
6577833,11263,10187,21,2,10.0,1,1,1,38,38,38,8
6577834,11263,11263,19,2,7.0,1,1,1,38,38,38,8
6594885,11263,11387,7,1,3.0,2,2,2,32,32,32,8
6599009,11263,11263,11,1,1.0,2,2,2,40,40,40,8
6607240,11263,11263,11,2,3.0,3,3,3,42,42,42,8
6668212,11263,2241,1,1,2.0,3,3,4,38,38,2,10
6668213,11263,11263,2,1,2.0,2,2,2,41,41,41,10
6668214,11263,11263,12,1,2.0,2,2,2,41,41,41,10
6677526,11263,4167,1,3,8.0,3,3,3,38,38,38,10
6679926,11263,11263,21,1,3.0,1,1,1,38,15,38,10
6679927,11263,11263,8,1,2.0,3,3,3,38,38,38,10
6703948,11263,11263,3,1,9.0,1,1,1,60,60,60,10
6703949,11263,11263,3,1,9.0,3,3,3,41,41,41,10
6712890,11263,3759,19,1,6.0,1,1,1,38,38,38,11
6712891,11263,11322,19,1,1.0,3,3,3,44,44,44,11
6751825,11263,4167,1,1,2.0,2,2,2,43,43,43,11
6772465,11263,11263,17,1,2.0,2,3,3,27,41,41,12
6794003,11263,4167,1,1,3.0,3,3,3,41,41,41,12
6800323,11263,5838,21,1,3.0,3,3,3,38,38,38,12
6800324,11263,11263,21,1,3.0,3,3,3,42,42,42,12
6804863,11263,2137,8,1,6.0,1,1,1,38,38,38,12
6804864,11263,2137,11,1,6.0,3,2,2,34,34,34,12
6804865,11263,10203,6,1,6.0,2,2,2,34,34,34,12
6838056,11263,3759,5,1,1.0,1,1,1,38,38,38,1
6840153,11263,3759,5,1,2.0,1,1,1,38,38,38,1
6845462,11263,11263,21,2,3.0,3,2,2,42,44,44,1
6852389,11263,4167,20,2,9.0,1,1,1,49,49,49,1
6865682,11263,2806,11,1,2.0,2,2,2,37,37,37,1
6865683,11263,11263,11,1,3.0,3,3,3,32,32,32,1
6890194,11263,6477,5,1,4.0,4,4,4,28,28,28,2
6890195,11263,11263,5,1,2.0,3,3,3,38,38,38,2
6911554,11263,3759,1,1,6.0,2,1,1,42,33,33,2
6911556,11263,3759,2,1,6.0,2,2,2,42,42,42,2
6930677,11263,2137,17,1,6.0,3,3,3,42,42,42,2
6940772,11263,6932,1,1,1.0,2,2,2,36,36,36,2
6943360,11263,3759,6,1,6.0,3,3,3,38,38,38,2
6943361,11263,11263,1,1,3.0,3,3,3,38,38,38,2
6965123,11263,11263,11,1,4.0,2,2,2,27,27,27,3
6969166,11263,3961,19,2,4.0,2,1,1,42,39,39,3
7002462,11263,4167,6,1,3.0,4,4,4,14,14,14,3
7020271,11263,11263,5,1,1.0,2,2,2,43,43,43,3
7022445,11263,4167,11,1,7.0,2,2,2,37,37,37,3
7024490,11263,4167,11,1,7.0,2,2,2,37,37,37,3
7029292,11263,11263,21,1,2.0,3,3,3,33,33,33,4
7042867,11263,4167,7,1,5.0,2,2,2,42,42,42,4
7042868,11263,11263,1,2,3.0,2,2,2,42,42,42,4
7066368,11263,8517,7,1,9.0,2,2,2,40,42,40,4
7069030,11263,11263,20,1,2.0,1,1,1,38,38,38,4
7070917,11263,11322,21,1,6.0,3,3,3,38,38,38,4
7085211,11263,11263,1,1,5.0,3,3,3,33,33,33,4
7090094,11263,11263,1,1,2.0,2,2,2,42,42,42,5
7119469,11263,6319,20,1,1.0,2,2,2,40,40,40,5
7121274,11263,4167,20,1,2.0,3,3,3,41,41,41,5
7121275,11263,11263,20,1,1.0,3,3,3,41,41,41,5
7121276,11263,11263,21,1,1.0,2,2,2,42,42,42,5
7172818,11263,3759,1,2,8.0,2,2,2,42,42,42,6
7214605,11263,11263,5,1,1.0,2,2,2,43,43,43,7
7260167,11263,11263,11,1,5.0,2,3,3,42,41,41,7
7260168,11263,11263,11,1,5.0,3,3,3,41,41,41,7
7268860,11263,4167,1,1,3.0,3,3,3,42,42,42,7
7268861,11263,11263,1,1,3.0,3,3,3,42,42,42,7
7285339,11263,11263,21,2,10.0,4,4,4,-6,-6,-6,8
7297529,11263,11263,1,1,5.0,1,1,1,38,38,38,8
7305475,11263,11263,8,3,6.0,2,2,2,44,35,35,8
7320147,11263,4167,1,1,5.0,2,2,2,44,44,44,8
7334387,11263,2321,21,1,3.0,3,3,3,40,40,40,8
7334388,11263,3219,20,1,3.0,2,2,2,35,35,35,8
7372088,11263,2479,19,2,15.0,2,4,4,42,53,53,9
7395074,11263,11263,3,1,2.0,2,2,2,42,42,42,9
7402502,11263,9528,1,3,6.0,4,2,4,59,41,59,9
7413071,11263,4289,20,7,26.0,3,4,4,44,18,18,9
7437474,11263,11263,21,1,6.0,4,4,4,59,59,59,10
7437475,11263,11408,21,1,2.0,3,3,3,38,38,38,10
7467960,11263,11263,20,2,4.0,1,2,1,31,41,31,10
7470873,11263,11263,16,1,5.0,3,3,3,39,39,39,10
7480362,11263,11263,21,1,4.0,4,1,4,30,31,30,10
7486374,11263,4988,15,1,10.0,3,3,3,43,43,43,10
7489082,11263,11263,5,1,1.0,3,2,2,41,41,41,10
7514133,11263,11263,1,1,3.0,3,3,3,34,34,34,11
7523409,11263,4167,5,1,3.0,2,2,2,44,44,44,11
7523410,11263,4167,8,1,3.0,2,2,2,44,44,44,11
7525899,11263,11263,6,1,8.0,2,2,2,44,44,44,11
7547064,11263,5838,4,1,2.0,3,3,3,41,41,41,11
7554991,11263,3759,20,1,3.0,3,3,3,41,41,41,11
7563143,11263,11380,13,1,5.0,2,2,2,44,44,44,11
7590939,11263,11263,20,1,2.0,3,3,3,38,38,38,12
7598889,11263,2321,1,1,4.0,1,1,1,42,42,42,12
7598890,11263,3099,3,1,4.0,2,2,2,41,41,41,12
7598891,11263,3099,11,1,4.0,3,3,3,38,38,38,12
7632135,11263,11263,21,3,3.0,3,4,3,38,49,38,12
7653397,11263,3844,22,1,1.0,3,3,3,34,34,34,1
7653398,11263,11263,16,1,5.0,3,3,3,42,42,42,1
7663100,11263,11263,20,1,1.0,1,1,1,15,15,15,1
7663101,11263,11263,21,1,5.0,2,2,2,36,36,36,1
7674638,11263,3402,5,1,1.0,2,2,2,43,43,35,1
7674639,11263,3402,11,1,1.0,2,2,2,43,43,43,1
7679324,11263,11263,12,1,2.0,3,3,3,34,34,34,1
7681463,11263,11263,1,1,1.0,3,3,3,28,28,28,1
7690663,11263,5777,20,5,9.0,3,3,4,34,34,34,1
7690664,11263,5816,20,2,4.0,2,4,0,36,34,0,1
7697341,11263,2321,13,1,5.0,3,1,1,38,15,15,1
7706216,11263,2791,11,1,7.0,2,2,2,37,37,37,1
7706217,11263,2791,19,2,7.0,2,2,3,34,34,38,1
7706218,11263,11349,4,1,5.0,2,2,2,34,34,34,1
7727706,11263,11380,1,1,5.0,2,2,2,41,41,41,2
7762003,11263,4167,1,2,4.0,2,2,2,41,41,41,2
7773911,11263,11263,20,2,3.0,3,3,3,38,38,38,2
7833931,11263,11263,5,1,1.0,3,3,3,43,43,43,3
7874353,11263,11263,21,2,3.0,3,3,3,42,42,42,4
7892190,11263,3759,22,1,3.0,4,4,0,42,37,0,4
7904454,11263,4167,11,1,7.0,2,2,2,44,44,44,4
7904455,11263,11263,17,1,2.0,2,2,2,44,44,44,4
7912188,11263,11263,1,1,2.0,2,2,2,40,40,40,4
7925285,11263,7956,21,1,1.0,2,2,2,35,35,35,4
8014451,11263,3759,1,1,8.0,2,2,2,31,31,31,5
8022912,11263,11263,20,2,2.0,1,1,0,38,38,0,6
8085147,11263,11263,5,1,4.0,2,2,2,43,43,43,6
8122689,11263,11263,4,1,6.0,3,3,3,38,38,38,7
8129263,11263,1212,1,1,3.0,4,4,4,21,21,21,7
8142230,11263,4167,4,1,4.0,3,3,3,38,38,38,7
8145791,11263,11263,1,1,5.0,3,3,3,38,38,38,7
8163069,11263,3219,4,3,3.0,1,4,4,38,49,49,7
8163070,11263,3219,21,1,2.0,4,4,4,49,49,49,7
8163071,11263,3272,4,1,1.0,1,4,1,38,49,38,7
8180434,11263,11263,21,1,3.0,2,2,2,40,40,40,8
8205929,11263,2321,18,1,5.0,3,4,4,38,14,14,8
8244457,11263,3759,1,1,3.0,4,4,4,41,41,41,8
8253160,11263,2321,21,1,6.0,1,1,1,38,38,38,9
8295002,11263,11302,1,1,1.0,2,2,2,36,36,36,9
8295003,11263,11302,1,1,1.0,2,3,3,36,34,34,9
8301333,11263,11263,3,1,1.0,4,4,4,42,42,42,9
8359111,11263,11263,3,1,3.0,4,4,4,64,64,64,10
8364637,11263,11263,19,1,3.0,3,4,4,40,39,39,10
8372316,11263,4167,11,1,5.0,2,2,2,36,36,36,10
8374285,11263,4167,1,1,8.0,3,3,3,41,41,41,11
8379860,11263,1212,1,1,3.0,3,3,3,38,38,38,11
8387012,11263,2321,1,2,3.0,1,1,1,42,42,42,11
8403080,11263,8894,21,1,3.0,3,3,3,32,32,32,11
8403081,11263,8930,21,1,1.0,3,4,4,32,15,15,11
8428946,11263,11263,11,1,4.0,3,3,3,34,34,34,11
8432083,11263,2321,9,1,3.0,2,3,3,38,38,38,11
8432084,11263,11263,9,1,1.0,3,3,3,39,39,39,11
8432085,11263,11299,9,1,2.0,3,3,3,39,39,39,11
8443655,11263,11263,20,2,6.0,3,3,3,38,38,38,11
8443656,11263,11263,21,1,4.0,2,2,2,42,42,42,11
8446334,11263,11263,11,1,1.0,3,3,3,38,38,38,12
8449482,11263,3759,9,1,5.0,1,1,1,38,38,38,12
8461475,11263,1315,11,1,1.0,3,3,3,38,38,38,12
8491393,11263,4167,1,1,2.0,3,3,3,39,39,39,12
8491394,11263,4167,1,1,2.0,2,2,2,42,42,42,12
8492728,11263,3759,1,1,2.0,2,2,2,40,40,40,12
8526547,11263,11263,21,1,2.0,2,2,2,42,42,42,1
8553835,11263,11263,21,2,9.0,3,3,3,38,38,38,1
8572765,11263,760,19,1,3.0,1,1,1,13,13,13,1
8577402,11263,4167,7,1,2.0,3,3,3,39,39,39,1
8599292,11263,4167,12,1,5.0,3,3,3,38,38,38,2
8609242,11263,6969,21,1,1.0,1,1,1,38,-10,38,2
8616202,11263,5541,20,1,8.0,1,1,1,38,15,38,2
8622483,11263,2321,8,1,2.0,3,3,0,38,38,0,2
8625471,11263,11468,21,2,5.0,3,3,3,42,42,42,2
8630977,11263,2137,19,1,2.0,2,2,2,35,35,35,2
8642201,11263,11263,4,1,8.0,2,2,2,43,43,43,2
8661631,11263,4167,5,1,5.0,3,1,3,34,13,34,2
8672163,11263,2638,21,2,5.0,3,1,1,31,19,19,3
8675276,11263,2638,21,1,2.0,3,3,3,38,38,38,3
8681704,11263,11263,5,1,2.0,4,3,3,35,38,38,3
8690712,11263,2137,1,1,5.0,3,3,3,37,37,37,3
8693076,11263,4167,20,2,8.0,2,1,1,43,52,52,3
8706557,11263,4167,1,2,2.0,2,2,2,38,38,38,3
8706558,11263,4167,6,2,2.0,2,2,2,38,38,38,3
8706559,11263,4167,7,2,2.0,2,2,2,38,38,38,3
8708947,11263,11263,21,1,1.0,4,4,4,21,21,21,3
8737831,11263,8982,11,1,3.0,3,3,3,38,38,38,3
8776792,11263,1348,5,2,5.0,2,0,0,27,0,0,4
8787073,11263,11263,1,2,5.0,2,2,2,42,42,42,4
8839468,11263,9947,4,1,5.0,4,4,4,49,49,49,5
8839469,11263,9947,21,1,5.0,3,1,3,37,1,37,5
8845792,11263,6933,9,1,7.0,3,3,3,38,38,38,5
8859551,11263,9947,9,1,9.0,1,0,0,38,0,0,5
8863450,11263,6933,9,1,2.0,3,3,3,38,38,38,5
8863451,11263,9959,9,1,5.0,3,1,3,42,1,42,5
8863452,11263,11263,21,1,6.0,3,3,3,42,42,42,5
8885419,11263,11263,4,1,3.0,2,2,2,31,31,31,5
8891996,11263,11263,1,1,5.0,1,1,0,38,38,0,5
8928225,11263,8660,1,1,5.0,2,3,3,34,38,38,6
8928226,11263,8660,11,1,5.0,2,2,2,36,36,36,6
9001325,11263,11263,19,1,6.0,3,1,3,38,15,38,7
9017499,11263,4226,6,1,1.0,2,2,2,43,43,43,7
9032109,11263,11263,7,1,2.0,3,3,3,42,42,42,7
9041633,11263,11263,1,1,3.0,3,3,0,38,38,0,7
9041634,11263,11263,11,1,3.0,3,3,3,37,37,37,7
9051158,11263,11263,1,1,3.0,1,1,1,38,15,38,7
9055142,11263,4167,6,1,5.0,2,2,2,36,36,36,7
9076436,11263,11263,3,2,2.0,3,2,3,38,37,38,7
9119972,11263,11263,21,1,6.0,3,3,3,38,38,38,8
9126378,11263,11263,1,1,2.0,1,4,0,-17,55,0,8
9191242,11263,11263,4,1,2.0,2,2,2,43,43,43,8
9196107,11263,3897,7,1,2.0,2,2,2,31,31,31,8
9256794,11263,8660,22,1,5.0,1,4,0,13,-10,0,9
9267581,11263,3759,5,1,4.0,3,3,3,38,38,38,9
9267582,11263,6932,4,4,8.0,3,3,3,38,29,38,9
9294601,11263,9552,4,1,2.0,3,3,3,32,32,32,9
9303143,11263,3219,19,1,1.0,1,1,1,38,38,38,9
9310454,11263,7033,21,3,6.0,3,3,3,41,41,41,9
9330998,11263,9528,3,2,10.0,4,0,0,55,0,0,9
9330999,11263,9552,3,3,8.0,1,1,1,38,38,38,9
9346438,11263,9528,4,3,8.0,1,1,0,38,38,0,9
9378398,11263,11263,1,1,3.0,1,1,1,38,35,24,10
9389137,11263,1212,2,1,2.0,1,1,1,38,39,39,10
9389138,11263,6477,5,1,3.0,2,2,2,36,36,36,10
9443007,11263,11263,21,1,2.0,2,2,0,31,31,0,10
9448735,11263,11263,1,1,1.0,3,3,3,29,29,29,10
9448736,11263,11263,12,1,1.0,3,2,3,43,42,43,10
9501410,11263,4167,7,1,2.0,3,3,3,38,38,38,10
9501411,11263,9471,5,2,5.0,4,4,4,44,44,44,10
9512777,11263,4167,3,1,8.0,3,3,3,33,33,33,10
9512778,11263,9528,20,2,8.0,3,3,0,29,29,0,10
9512779,11263,11263,3,1,8.0,3,3,0,29,29,0,10
9518546,11263,3219,1,1,2.0,2,2,2,43,43,43,10
9518547,11263,11263,1,1,5.0,4,0,0,55,0,0,10
9526902,11263,11263,1,3,7.0,3,3,3,38,38,38,11
9542307,11263,4167,20,1,15.0,1,1,1,38,38,38,11
9565032,11263,11263,20,3,7.0,1,1,4,38,38,55,11
9576211,11263,9528,20,1,1.0,1,1,1,33,33,33,11
9604650,11263,11263,1,1,1.0,1,1,4,38,38,39,11
9604651,11263,11263,4,1,2.0,2,2,2,36,36,36,11
9616094,11263,2806,9,1,4.0,3,3,3,41,41,41,11
9616095,11263,11263,9,1,1.0,3,3,3,40,40,40,11
9630321,11263,4252,21,2,8.0,1,4,1,38,45,38,11
9630322,11263,11622,11,3,10.0,3,3,4,38,38,21,11
9633477,11263,2339,18,2,8.0,3,3,3,45,45,45,11
9638285,11263,7033,20,2,2.0,3,3,3,38,38,38,11
9676447,11263,11263,9,1,4.0,4,1,1,38,54,38,12
9725751,11263,13358,1,1,10.0,3,0,0,29,0,0,12
9771270,11263,3478,1,1,3.0,2,2,2,36,36,36,12
9800770,11263,2791,1,1,5.0,2,2,2,42,42,42,1
9816204,11263,11263,6,1,2.0,2,2,2,42,42,42,1
9816205,11263,11263,11,1,2.0,2,2,2,42,42,42,1
9825031,11263,4167,21,1,1.0,3,3,3,31,31,31,1
9881815,11263,11263,19,1,2.0,2,2,2,36,36,36,1
9928448,11263,5838,17,1,1.0,3,1,1,41,62,62,1
9944503,11263,3219,21,2,3.0,4,4,4,49,45,49,2
9944504,11263,3272,21,3,4.0,4,4,4,49,49,49,2
9944505,11263,3402,21,3,10.0,3,4,3,38,51,38,2
9944506,11263,11263,21,3,4.0,4,4,4,49,49,49,2
9944507,11263,11451,21,1,5.0,4,1,1,49,38,38,2
9949524,11263,1556,8,1,2.0,3,3,3,40,42,40,2
9949525,11263,3219,21,1,5.0,2,2,2,42,42,42,2
9949526,11263,11263,4,1,1.0,4,4,4,45,45,45,2
9949527,11263,11263,21,2,4.0,3,3,3,38,38,38,2
9949528,11263,11263,6,1,2.0,4,3,4,45,38,45,2
9954636,11263,2137,17,1,3.0,1,1,1,32,32,32,2
9954637,11263,3402,19,2,4.0,3,4,4,42,51,51,2
9954638,11263,6932,19,1,2.0,4,4,3,51,51,42,2
9954639,11263,11263,19,1,3.0,3,3,3,42,42,42,2
9978097,11263,4352,1,1,7.0,3,2,3,38,27,38,2
10001851,11263,4167,20,1,5.0,2,2,2,44,44,44,2
10027668,11263,9552,20,1,9.0,4,4,4,21,21,21,2
10057126,11263,4167,7,1,7.0,2,2,2,35,35,35,2
10088154,11263,10351,4,1,6.0,2,2,2,42,42,42,3
10117656,11263,4167,17,1,5.0,1,1,1,38,38,38,3
10156278,11263,4266,20,1,2.0,2,2,2,42,42,42,3
10156279,11263,4266,21,1,2.0,4,4,4,45,45,45,3
10201467,11263,4266,21,1,4.0,2,2,4,38,38,13,3
10209077,11263,4167,22,1,4.0,2,2,2,42,42,42,3
10242790,11263,11429,8,1,4.0,2,2,2,44,44,44,4
10245477,11263,4167,11,1,2.0,3,3,3,30,30,30,4
10245478,11263,11263,1,1,1.0,3,3,3,30,30,30,4
10245479,11263,11263,5,1,1.0,2,2,3,31,31,30,4
10251026,11263,5694,21,1,1.0,3,1,3,38,15,38,4
10292651,11263,2856,1,1,2.0,1,4,4,13,23,23,4
10292652,11263,11263,1,1,3.0,2,2,2,42,42,42,4
10311898,11263,8660,8,1,5.0,3,1,4,38,49,37,4
10315008,11263,1465,8,2,3.0,4,0,0,39,0,0,4
10320357,11263,1465,8,2,3.0,4,0,0,39,0,0,4
10332315,11263,11263,1,1,9.0,2,1,1,42,15,15,4
10366669,11263,11263,3,1,4.0,2,2,2,36,36,36,4
10394221,11263,11263,22,1,2.0,3,3,1,29,29,52,5
10411171,11263,6213,21,1,1.0,2,3,2,40,40,40,5
10447345,11263,11263,1,1,1.0,2,1,2,42,35,42,5
10496416,11263,4167,14,1,2.0,2,2,2,38,38,38,5
10511966,11263,11263,1,1,1.0,2,2,2,34,34,34,5
10511967,11263,11263,20,1,1.0,2,2,2,34,34,34,5
10535742,11263,3759,2,1,5.0,3,3,3,39,39,39,6
10541441,11263,11263,1,2,5.0,2,2,2,44,44,44,6
10541442,11263,11263,1,1,1.0,3,3,3,38,38,38,6
10548601,11263,6175,19,1,2.0,2,3,3,36,34,34,6
10548602,11263,9679,19,1,2.0,1,1,1,29,29,29,6
10586615,11263,2954,8,1,1.0,3,2,3,42,42,42,6
10591983,11263,2954,8,1,1.0,1,3,1,35,38,35,6
10597342,11263,104,17,1,4.0,1,1,1,39,39,39,6
10597343,11263,11728,17,1,2.0,2,4,4,32,-26,-26,6
10625683,11263,4167,4,1,3.0,2,2,2,38,38,38,6
10642466,11263,4167,5,1,3.0,3,3,3,38,38,38,6
10642467,11263,4167,6,1,3.0,3,3,3,41,41,41,6
10709361,11263,7033,8,1,4.0,3,2,3,39,42,39,7
10711717,11263,10105,1,1,3.0,1,1,4,38,52,44,7
10711718,11263,10105,20,1,3.0,3,1,3,29,13,29,7
10711719,11263,11263,3,1,1.0,3,1,1,29,13,13,7
10800770,11263,11263,1,1,2.0,3,3,3,38,38,38,8
10857592,11263,11263,1,1,2.0,1,1,1,38,38,38,8
10892861,11263,11263,21,1,2.0,2,2,2,36,36,36,8
10892862,11263,11263,19,1,1.0,3,3,3,38,38,38,8
10897938,11263,11263,21,1,3.0,3,3,3,38,38,38,8
10966423,11263,11263,1,1,1.0,2,2,2,42,42,42,9
11078357,11263,11263,9,1,8.0,1,1,1,31,31,31,10
11099329,11263,11263,5,1,1.0,4,4,4,-26,-26,-26,10
11104692,11263,4167,11,1,2.0,2,0,0,42,0,0,10
11116098,11263,3402,19,1,1.0,1,1,1,62,62,62,10
11195049,11263,9435,21,1,3.0,4,1,1,38,35,35,10
11200724,11263,11263,4,3,6.0,2,2,2,40,40,40,10
11200725,11263,11263,16,3,6.0,2,2,2,40,40,40,10
11205577,11263,2241,17,1,3.0,4,4,4,51,51,51,10
11227457,11263,3759,17,2,8.0,3,3,3,41,39,39,11
11367610,11263,3107,21,1,3.0,2,2,1,42,42,54,12
11367611,11263,8442,21,1,2.0,3,3,3,41,41,41,12
11367612,11263,11263,21,1,1.0,3,3,3,41,41,41,12
11414774,11263,4167,4,1,3.0,3,3,3,38,38,38,12
11426197,11263,8504,19,1,5.0,1,1,1,38,38,38,12
11431829,11263,11263,22,1,1.0,3,3,3,25,25,25,12
11472099,11263,11263,9,2,6.0,4,4,4,-15,-15,-15,12
11474576,11263,2806,20,1,2.0,1,1,1,38,38,38,12
11493496,11263,3759,11,1,3.0,2,2,2,27,27,27,12
11493497,11263,4167,5,1,5.0,2,2,2,33,33,33,12
11493498,11263,4167,17,1,3.0,2,2,2,31,31,31,12
11493499,11263,5838,21,1,3.0,2,2,2,36,36,36,12
11503373,11263,4167,20,1,1.0,3,3,3,18,18,18,1
11540413,11263,11263,21,1,1.0,3,4,4,26,33,33,1
11546540,11263,11263,11,1,5.0,2,4,4,42,33,33,1
11559466,11263,2321,1,1,2.0,2,2,2,35,35,35,1
11589929,11263,11263,17,1,4.0,2,2,2,40,40,40,1
11596348,11263,6932,9,1,4.0,2,2,2,43,43,43,1
11614829,11263,1459,3,1,2.0,3,3,3,34,34,34,1
11620777,11263,4177,20,1,7.0,2,2,1,36,36,-23,1
11620778,11263,11263,21,1,10.0,2,2,2,44,44,44,1
11632250,11263,2137,1,1,2.0,1,1,1,42,42,42,1
11632251,11263,2137,1,1,1.0,3,3,3,38,38,38,1
11632252,11263,4167,1,1,2.0,3,3,3,38,38,38,1
11632253,11263,4167,1,1,1.0,3,3,3,33,33,33,1
11632254,11263,11263,1,1,2.0,3,3,3,33,33,33,1
11637054,11263,1212,1,1,4.0,3,3,3,34,34,34,1
11637055,11263,11263,19,2,8.0,2,2,2,32,32,32,1
11662975,11263,226,9,1,2.0,3,3,3,38,38,38,2
11669744,11263,11263,3,1,4.0,2,1,1,47,39,39,2
11680470,11263,11263,20,1,1.0,4,4,4,39,39,39,2
11680471,11263,11263,21,2,4.0,2,2,2,45,45,45,2
11684612,11263,11263,1,2,9.0,3,3,3,41,41,41,2
11712650,11263,11263,3,1,2.0,2,2,2,44,44,44,2
11723818,11263,11263,21,1,1.0,1,1,1,15,15,15,2
11843672,11263,6932,19,1,5.0,3,3,2,42,42,42,3
11864866,11263,6477,11,1,5.0,3,4,4,43,-33,-33,3
11864867,11263,11292,21,1,5.0,3,3,3,38,38,38,3
11871821,11263,3961,20,1,3.0,3,3,3,38,38,38,3
11940370,11263,2363,21,1,8.0,3,0,0,38,0,0,3
11940371,11263,5309,3,2,6.0,1,4,1,38,35,38,3
11940372,11263,11263,1,1,5.0,1,4,4,38,35,35,3
11954382,11263,11263,1,1,3.0,3,3,3,40,40,40,3
11967682,11263,2321,13,1,5.0,2,1,2,61,15,61,3
11994824,11263,1212,9,1,5.0,3,3,3,35,35,35,4
11994825,11263,2791,3,1,8.0,3,3,3,37,37,37,4
12011135,11263,11390,1,1,2.0,4,1,4,39,39,39,4
12052434,11263,11263,1,1,3.0,1,4,4,13,42,42,4
12086287,11263,4167,1,3,9.0,2,2,0,42,42,0,4
12086288,11263,4167,20,3,9.0,2,0,0,42,0,0,4
12086289,11263,4167,21,1,4.0,2,2,2,42,42,42,4
12092651,11263,2791,21,2,7.0,4,4,0,25,25,0,4
12214927,11263,11263,3,2,3.0,3,3,3,35,35,35,5
12278811,11263,11263,21,2,8.0,3,3,3,40,38,38,5
12278812,11263,11390,1,1,4.0,3,3,3,40,38,40,5
12325965,11263,2321,1,1,5.0,1,1,1,13,13,13,6
12325966,11263,2321,10,1,5.0,2,2,2,42,42,42,6
12380396,11263,2241,21,1,10.0,3,3,3,38,38,38,6
12416169,11263,1459,21,1,4.0,2,2,2,42,42,42,6
12419630,11263,4167,21,1,4.0,2,2,2,42,42,42,6
12452023,11263,1459,4,2,5.0,4,4,3,34,34,37,6
12457632,11263,11263,11,3,8.0,2,2,2,42,42,42,6
12462735,11263,11263,10,4,12.0,2,2,2,31,36,31,6
12497669,11263,902,21,2,4.0,3,4,4,41,25,25,7
12497670,11263,11263,21,1,1.0,4,4,4,25,25,25,7
12502954,11263,11263,1,2,3.0,3,3,3,38,38,38,7
12513655,11263,11263,1,1,1.0,1,0,0,13,0,0,7
12513656,11263,11263,1,2,3.0,2,3,3,42,34,34,7
12560120,11263,11263,1,2,6.0,1,1,1,38,38,38,7
12564829,11263,11263,21,1,3.0,3,3,3,38,38,38,7
12564830,11263,11302,21,1,5.0,3,3,3,33,33,33,7
12597676,11263,11263,11,1,2.0,4,3,4,12,38,12,8
12600621,11263,1212,3,1,2.0,3,3,3,38,38,38,8
12600622,11263,1212,5,1,2.0,2,2,2,27,27,27,8
12628131,11263,4167,8,2,2.0,4,0,0,31,0,0,8
12628132,11263,11263,20,2,2.0,3,4,0,38,31,0,8
12648847,11263,7061,21,1,36.0,4,4,4,-1,-1,-1,8
12654049,11263,3759,20,2,30.0,2,2,2,45,45,45,8
12654050,11263,11263,21,1,1.0,4,4,4,24,24,24,8
12654051,11263,11263,11,2,5.0,2,3,2,39,39,39,8
12678518,11263,11263,3,1,4.0,2,2,2,34,34,34,8
12692823,11263,6932,3,1,5.0,2,2,2,44,44,44,8
12717466,11263,11263,1,1,3.0,1,1,1,13,13,13,8
12727681,11263,5911,3,1,6.0,4,4,4,39,39,39,8
12727682,11263,10981,3,1,6.0,4,4,4,-4,-4,-4,8
12742571,11263,11263,3,1,2.0,1,1,1,42,42,42,9
12796626,11263,5838,21,1,10.0,4,4,4,54,54,54,9
12796627,11263,11263,21,1,7.0,3,3,2,44,44,45,9
12823419,11263,4167,6,1,2.0,2,2,2,40,40,40,9
12842180,11263,11263,20,3,8.0,2,3,2,42,38,42,9
12862670,11263,11263,1,1,4.0,2,2,2,32,32,32,9
12875682,11263,6932,9,1,4.0,3,3,3,39,39,39,9
12957178,11263,4167,20,1,3.0,3,3,3,41,41,41,10
13002968,11263,8660,1,1,1.0,2,2,2,43,43,43,10
13009947,11263,11263,1,2,8.0,3,3,3,42,42,42,10
13064760,11263,6350,6,1,5.0,2,2,2,42,42,42,10
13079413,11263,11263,11,1,4.0,2,2,2,44,44,44,11
13079414,11263,11263,12,1,4.0,4,4,4,0,0,0,11
13079415,11263,11263,12,1,4.0,3,3,3,42,42,42,11
13086764,11263,4167,6,1,1.0,1,1,1,14,-15,-15,11
13129440,11263,4167,1,1,2.0,3,3,3,32,32,32,11
13129441,11263,4167,18,1,2.0,3,3,3,32,32,32,11
13136657,11263,11263,1,1,2.0,2,2,2,42,42,42,11
13181928,11263,4167,20,2,18.0,1,4,4,38,45,45,11
13181929,11263,11263,5,2,18.0,1,1,1,38,38,38,11
13223882,11263,11263,1,1,3.0,1,1,1,38,39,39,11
13262461,11263,11263,21,1,1.0,1,1,1,51,51,51,12
13275148,11263,11355,19,1,2.0,1,1,1,38,38,38,12
13376783,11263,1836,21,1,4.0,3,4,3,41,33,41,12
13486915,11263,2791,1,1,5.0,1,0,0,0,0,0,1
13496250,11263,11263,5,2,3.0,2,3,2,32,38,32,1
13502467,11263,562,3,1,5.0,4,4,4,57,57,57,1
13502468,11263,562,20,1,5.0,3,4,4,38,40,40,1
13502469,11263,2638,21,1,2.0,4,4,4,39,40,39,1
13502470,11263,2645,21,1,3.0,2,2,2,31,31,31,1
13542782,11263,5694,21,1,2.0,4,0,0,31,0,0,1
13542783,11263,5724,21,1,7.0,4,0,0,31,0,0,1
13549814,11263,5694,21,2,9.0,4,0,0,31,0,0,1
13557219,11263,11263,1,1,1.0,3,3,3,44,44,44,1
13557220,11263,11263,20,1,1.0,2,2,2,45,45,45,1
13591828,11263,3759,21,1,14.0,3,3,3,38,38,38,2
13591829,11263,5724,21,1,4.0,4,0,0,31,0,0,2
13599203,11263,5694,21,2,27.0,4,0,0,31,0,0,2
13609484,11263,3759,21,2,7.0,2,2,0,45,45,0,2
13609485,11263,5694,21,1,2.0,2,2,2,45,45,45,2
13613712,11263,3759,21,1,18.0,1,1,1,21,16,21,2
13613713,11263,5694,21,1,8.0,4,0,0,31,0,0,2
13613714,11263,5724,21,1,28.0,4,0,0,31,0,0,2
13633844,11263,6477,2,1,5.0,2,4,2,36,6,36,2
13651191,11263,5380,1,2,6.0,4,4,4,33,33,33,2
13668236,11263,4167,11,2,4.0,3,3,3,41,41,41,2
13682871,11263,104,21,1,4.0,2,1,1,44,52,52,2
13682872,11263,11263,21,1,2.0,2,4,4,32,-32,-32,2
13699581,11263,11263,1,1,3.0,1,1,1,31,31,31,2
13734864,11263,11263,3,2,3.0,3,3,3,42,42,42,2
13734865,11263,11263,20,1,9.0,3,3,3,40,42,42,2
13739402,11263,11263,3,2,3.0,3,3,3,42,42,42,2
13798800,11263,9528,21,1,5.0,4,3,3,39,38,38,3
13806649,11263,3465,1,1,2.0,3,1,1,38,20,20,3
13806650,11263,4167,6,1,5.0,1,1,1,38,54,38,3
13806651,11263,4167,12,1,5.0,1,1,1,38,38,38,3
13806652,11263,11263,1,1,3.0,1,1,1,38,38,38,3
13843649,11263,11263,1,1,2.0,1,1,1,13,-15,13,3
13939632,11263,11263,1,1,1.0,2,2,2,37,37,37,3
13952225,11263,11263,21,1,14.0,3,3,3,38,38,38,4
13960504,11263,2321,12,2,3.0,3,2,2,40,39,39,4
13974286,11263,4167,3,1,2.0,3,3,3,38,38,38,4
13974287,11263,11263,3,1,2.0,3,3,3,38,38,38,4
13997059,11263,10720,1,1,2.0,2,2,0,40,40,0,4
13997060,11263,10720,1,1,4.0,2,4,4,42,-8,-8,4
13997061,11263,10720,21,1,19.0,2,4,4,42,-8,-8,4
14081105,11263,2791,20,1,9.0,1,4,0,39,37,0,4
14081106,11263,2791,18,1,5.0,0,0,0,0,0,0,4
14081107,11263,2791,19,1,9.0,0,0,0,0,0,0,4
14130507,11263,562,1,1,1.0,1,1,1,38,12,38,4
14227403,11263,11263,18,2,5.0,2,3,2,42,38,42,5
14241387,11263,2270,20,2,2.0,1,4,4,38,23,23,5
14256022,11263,4167,10,1,3.0,2,3,3,37,34,34,5
14266858,11263,11263,19,1,2.0,1,1,1,38,38,38,5
14297831,11263,11263,1,1,6.0,1,1,1,53,42,42,5
14341639,11263,2791,18,1,1.0,3,3,3,42,42,42,6
14457954,11263,6477,4,2,10.0,3,3,3,38,38,38,6
14457955,11263,6477,21,2,10.0,3,3,3,38,38,38,6
14457956,11263,11263,4,2,8.0,3,3,3,38,38,38,6
14472295,11263,1212,5,1,9.0,2,2,2,42,42,42,6
14478851,11263,4167,4,1,5.0,4,4,4,40,40,37,6
14478852,11263,11263,4,1,3.0,2,2,2,35,35,35,6
14478853,11263,11263,14,1,1.0,3,3,3,35,35,35,6
14500903,11263,11263,1,1,7.0,3,3,3,42,42,42,6
14527858,11263,11263,21,1,1.0,3,1,1,38,39,39,7
14533349,11263,11263,20,2,3.0,3,2,2,38,0,0,7
14603505,11263,9415,21,1,3.0,3,3,3,40,40,40,7
14630381,11263,11263,20,1,1.0,3,3,3,32,36,32,7
14643214,11263,3402,1,1,2.0,3,4,3,38,42,38,7
14643215,11263,11263,1,1,6.0,3,4,3,39,52,39,7
14672190,11263,6477,11,2,5.0,2,2,2,42,42,42,7
14672191,11263,10351,21,1,4.0,2,2,2,31,31,31,7
14708196,11263,2800,12,1,5.0,3,3,3,37,37,37,8
14708197,11263,11263,20,1,1.0,2,2,2,39,39,39,8
14796057,11263,1459,4,1,2.0,1,0,0,38,0,0,8
14796058,11263,1481,4,1,2.0,2,4,2,42,27,42,8
14796059,11263,3759,4,1,2.0,2,4,2,42,36,42,8
14808232,11263,6477,5,1,5.0,3,3,3,38,38,38,8
14831331,11263,11263,17,1,4.0,2,2,2,42,42,42,8
14841271,11263,11263,8,1,5.0,3,3,3,38,38,38,8
14855142,11263,1368,21,1,2.0,1,1,1,22,22,22,9
14869013,11263,4167,11,3,9.0,1,1,0,41,41,0,9
14869014,11263,6932,19,1,9.0,1,1,0,41,41,0,9
14891900,11263,11322,19,1,3.0,1,1,1,38,15,15,9
14899296,11263,2137,17,1,6.0,1,1,1,38,15,15,9
14918607,11263,104,5,1,3.0,4,4,4,15,15,15,9
14918608,11263,11728,5,1,2.0,4,4,4,-25,-25,-25,9
14952227,11263,11263,21,1,1.0,3,3,3,40,40,40,9
14963320,11263,11263,1,1,1.0,3,3,3,38,38,38,9
14988458,11263,4167,14,1,5.0,4,4,4,-17,-17,-17,9
15007264,11263,10720,20,1,5.0,3,2,2,41,42,42,9
15060755,11263,10458,21,2,6.0,1,1,1,35,35,35,10
15081156,11263,11302,3,1,1.0,3,3,3,25,25,25,10
15095293,11263,11263,1,1,9.0,0,0,0,0,0,0,10
15131552,11263,11408,21,2,5.0,2,4,2,40,-41,40,10
15136076,11263,8583,21,1,3.0,2,1,2,36,39,36,10
15136077,11263,11263,20,1,3.0,1,1,1,38,-41,-41,10
15136078,11263,11263,7,2,33.0,2,2,2,40,40,40,10
15140203,11263,11263,20,2,6.0,1,1,1,-85,-85,-85,10
15140204,11263,11263,7,1,6.0,2,2,2,40,40,40,10
15186298,11263,6932,1,1,4.0,3,3,3,38,38,38,10
15216911,11263,4167,6,1,3.0,2,2,2,44,44,44,10
15261110,11263,11263,11,1,3.0,1,1,1,33,33,33,11
15284032,11263,6969,21,2,2.0,4,4,4,24,24,24,11
15321738,11263,1212,1,3,7.0,4,4,4,49,49,49,11
15358373,11263,8894,20,2,4.0,4,2,4,14,21,14,11
15429091,11263,11263,5,1,1.0,3,3,3,47,47,47,12
15449781,11263,3759,21,1,5.0,2,1,0,42,35,0,12
15449782,11263,11263,21,1,3.0,3,3,3,38,38,38,12
15455178,11263,2137,1,1,1.0,3,2,2,40,42,42,12
15461898,11263,2791,7,2,3.0,3,3,3,36,36,36,12
15461899,11263,3219,19,3,5.0,3,3,3,41,41,41,12
15461900,11263,11263,1,2,4.0,1,1,1,31,31,50,12
15486326,11263,4167,1,1,5.0,2,2,2,42,42,42,12
15523115,11263,1459,20,1,2.0,2,1,1,42,39,39,12
15527395,11263,3759,21,1,9.0,1,1,1,38,1,38,12
15549378,11263,9528,21,1,2.0,4,4,4,33,33,33,12
15564772,11263,3759,1,1,2.0,1,1,1,35,35,15,12
15590690,11263,4167,20,1,3.0,3,3,3,39,39,39,1
15590691,11263,11263,20,1,2.0,3,4,2,38,52,37,1
15593033,11263,1212,20,1,8.0,2,2,2,39,39,39,1
15597396,11263,2137,19,1,9.0,3,3,3,38,38,38,1
15619332,11263,4091,19,1,1.0,2,2,2,45,45,45,1
15632484,11263,11302,20,2,5.0,2,2,2,36,36,36,1
15654512,11263,4167,1,1,2.0,3,3,3,25,25,25,1
15712155,11263,4167,1,1,3.0,2,2,2,31,31,31,1
15756176,11263,2137,15,1,2.0,2,1,1,43,52,52,1
15835386,11263,11263,21,1,3.0,3,0,0,38,0,0,2
15879541,11263,12637,21,2,3.0,3,4,3,29,9,29,2
15883180,11263,9014,20,1,4.0,1,4,1,38,6,38,2
15942294,11263,11263,3,1,3.0,3,3,3,41,41,41,3
15988528,11263,11297,1,1,1.0,3,3,3,47,47,47,3
16002739,11263,11263,5,2,3.0,2,2,2,42,42,42,3
16015124,11263,1212,19,1,3.0,2,2,2,42,42,42,3
16021118,11263,7679,20,1,9.0,4,4,4,10,10,10,3
16110099,11263,1212,11,1,2.0,3,1,3,37,5,37,3
16177137,11263,11263,4,1,5.0,3,3,3,25,25,25,4
16183978,11263,2137,17,1,2.0,3,3,3,41,41,41,4
16241296,11263,3219,5,1,3.0,3,3,3,39,39,39,4
16336919,11263,3844,5,1,10.0,2,2,2,36,36,36,5
16357188,11263,6477,4,1,7.0,2,2,2,27,27,27,5
16357189,11263,6477,5,1,7.0,2,2,2,27,27,27,5
16357190,11263,11263,4,1,1.0,2,2,2,27,27,27,5
16362855,11263,2321,5,1,2.0,1,1,1,38,38,38,5
16362856,11263,4167,21,2,3.0,3,3,3,38,38,38,5
16421108,11263,11263,21,2,4.0,1,1,1,38,38,38,5
16547522,11263,3759,2,1,7.0,3,3,4,40,40,28,6
16547523,11263,11263,5,1,5.0,3,3,3,41,41,41,6
16621021,11263,11263,10,1,1.0,4,4,4,21,21,21,6
16633184,11263,6932,1,1,5.0,3,4,4,38,21,21,6
16675311,11263,11263,20,1,13.0,1,1,1,60,60,60,7
16685678,11263,11263,21,1,6.0,2,2,5,35,35,33,7
16815228,11263,2806,20,1,5.0,3,3,3,42,42,42,8
16820876,11263,11263,21,1,2.0,3,3,3,37,37,37,8
16825780,11263,3759,8,1,2.0,3,3,3,39,39,39,8
16856665,11263,1212,21,1,4.0,1,1,1,13,38,38,8
16905009,11263,11263,4,1,2.0,4,2,2,54,34,34,8
16905010,11263,11263,20,1,2.0,3,3,3,41,41,41,8
16905011,11263,11263,21,1,1.0,3,3,3,41,41,41,8
16971373,11263,9528,4,2,5.0,1,1,1,60,60,38,8
17010906,11263,2137,17,2,3.0,2,3,2,42,43,42,9
17045397,11263,11263,11,2,5.0,2,2,2,35,35,35,9
17071852,11263,11263,20,1,1.0,2,3,3,34,34,34,9
17085350,11263,11263,21,1,1.0,2,2,2,36,36,36,9
17127383,11263,11302,9,1,5.0,4,4,4,33,33,33,9
17163908,11263,5541,21,1,1.0,3,3,3,42,42,42,10
17184809,11263,11263,21,1,5.0,2,2,2,33,33,33,10
17201207,11263,11263,1,1,1.0,4,4,4,20,9,14,10
17201208,11263,11263,19,1,2.0,2,2,2,42,42,42,10
17201209,11263,11263,19,1,2.0,3,3,3,40,40,40,10
17236097,11263,5541,1,1,3.0,3,3,3,33,33,33,10
17247458,11263,11263,21,1,4.0,2,2,2,37,37,37,10
17247459,11263,11263,8,2,18.0,3,3,3,38,38,38,10
17254665,11263,11263,21,5,13.0,4,4,4,49,49,49,10
17254666,11263,11263,8,1,13.0,2,2,2,37,37,37,10
17261801,11263,11263,9,1,6.0,2,2,2,40,40,40,10
17327110,11263,4167,21,1,5.0,3,3,3,37,37,37,10
17327111,11263,8485,21,1,2.0,4,4,4,59,59,59,10
17347511,11263,11263,1,1,3.0,2,2,2,40,40,40,11
17347512,11263,11263,1,1,3.0,3,3,3,32,32,32,11
17354121,11263,4289,21,1,4.0,1,4,4,13,25,25,11
17354122,11263,11263,19,1,4.0,2,4,2,27,18,27,11
17450605,11263,1212,11,1,1.0,2,2,2,42,42,42,11
17450606,11263,11322,11,1,1.0,3,2,2,36,35,35,11
17465013,11263,5838,12,1,5.0,3,3,3,38,38,38,11
17508124,11263,201,20,1,2.0,1,1,1,38,38,38,11
17508125,11263,11263,20,3,4.0,1,1,1,27,27,27,11
17535352,11263,11263,1,1,1.0,1,4,4,38,16,16,12
17549385,11263,9528,11,7,9.0,3,2,2,38,40,40,12
17618136,11263,11263,13,1,6.0,3,3,3,38,38,38,12
17641821,11263,4167,9,1,5.0,1,1,1,38,38,38,12
17651201,11263,6932,1,2,3.0,3,2,2,34,36,36,12
17667982,11263,11263,1,1,2.0,3,4,0,38,37,0,12
17685506,11263,11263,1,1,1.0,2,2,2,42,42,42,1
17685507,11263,11263,9,1,1.0,3,3,3,44,44,44,1
17716565,11263,8386,12,1,1.0,3,1,3,38,15,38,1
17723660,11263,297,21,3,9.0,4,4,4,36,36,36,1
17768411,11263,11299,9,1,3.0,4,4,4,38,38,38,1
17768412,11263,11426,9,1,1.0,2,3,2,18,18,18,1
17821071,11263,8894,20,1,2.0,2,2,2,33,33,33,1
17832132,11263,3759,3,1,8.0,4,0,0,37,0,0,1
17836192,11263,297,20,1,6.0,1,1,4,38,38,44,1
17842586,11263,297,20,2,6.0,4,4,1,24,24,20,1
17857315,11263,11263,3,1,9.0,1,1,1,38,38,38,1
17886822,11263,8339,20,1,4.0,1,5,1,38,43,38,2
17894575,11263,8017,3,1,5.0,1,4,4,38,43,43,2
17894576,11263,8339,20,5,17.0,2,2,2,36,36,36,2
17909432,11263,11263,1,1,4.0,3,3,3,38,38,38,2
18027710,11263,11263,21,1,6.0,2,2,2,42,42,42,2
18035534,11263,6932,1,1,3.0,2,2,2,44,44,44,2
18035535,11263,6932,3,1,3.0,3,2,2,44,45,45,2
18035536,11263,11263,1,1,2.0,4,0,0,43,0,0,2
18035537,11263,11263,3,1,2.0,3,2,2,44,45,45,2
18035538,11263,11390,1,1,1.0,3,3,3,44,44,44,2
18035539,11263,11390,3,1,1.0,3,2,2,44,45,45,2
18116111,11263,11263,17,1,3.0,4,4,4,13,13,51,3
18172203,11263,11263,1,1,1.0,1,1,1,-15,-15,-15,3
18255350,11263,3759,13,1,2.0,3,2,3,39,38,39,4
18255351,11263,11263,13,1,1.0,3,3,2,39,39,38,4
18350343,11263,11263,11,2,6.0,2,2,2,33,33,33,4
18350344,11263,11263,17,2,6.0,2,2,2,43,43,43,4
18357895,11263,4167,20,1,5.0,1,1,1,64,64,64,4
18381716,11263,11263,21,2,26.0,3,3,3,39,39,39,4
18389446,11263,11263,13,2,4.0,1,1,1,38,38,38,4
18396032,11263,11322,4,1,6.0,2,1,2,32,42,32,4
18411228,11263,1414,3,1,6.0,2,2,2,35,35,35,4
18418325,11263,1414,7,2,5.0,3,1,3,39,-41,39,4
18418326,11263,1414,8,2,5.0,4,0,0,-53,0,0,4
18418327,11263,11263,20,2,5.0,3,4,0,39,-53,0,4
18423210,11263,9014,16,1,4.0,2,2,2,42,42,42,4
18447525,11263,9671,19,1,6.0,3,3,3,33,33,33,5
18447526,11263,9671,19,2,6.0,1,4,1,38,26,38,5
18455574,11263,11263,21,1,3.0,3,3,3,38,38,38,5
18463093,11263,4167,20,1,4.0,1,1,1,38,38,38,5
18472445,11263,4167,3,1,5.0,2,2,3,33,33,33,5
18472446,11263,8660,18,1,2.0,2,2,2,36,36,36,5
18472447,11263,11263,3,1,1.0,2,2,2,42,42,42,5
18486965,11263,11263,11,3,8.0,4,2,2,48,42,42,5
18493890,11263,11263,1,1,4.0,3,3,3,38,38,38,5
18501185,11263,11263,19,1,3.0,4,4,4,21,21,21,5
18501186,11263,11263,19,1,5.0,3,3,3,37,37,37,5
18507935,11263,11263,9,1,2.0,3,3,3,38,38,38,5
18523359,11263,11263,1,1,1.0,3,3,3,34,34,34,5
18523360,11263,11263,18,1,1.0,2,2,2,37,37,37,5
18561618,11263,2241,19,1,9.0,4,4,4,25,-25,25,5
18561619,11263,9671,19,1,9.0,4,4,4,24,24,24,5
18603932,11263,5911,4,1,2.0,2,2,2,42,42,42,5
18630344,11263,11263,17,1,3.0,4,0,0,52,0,0,5
18636457,11263,11263,6,1,4.0,3,3,3,38,38,38,5
18682511,11263,3219,17,1,2.0,2,4,2,36,6,36,6
18682512,11263,11263,17,1,2.0,2,4,2,42,48,42,6
18690129,11263,11263,21,3,5.0,2,2,2,42,42,42,6
18765271,11263,4167,1,1,2.0,2,3,2,36,34,36,6
18765272,11263,4167,7,2,4.0,2,2,2,36,36,36,6
18765273,11263,11263,20,1,2.0,3,3,3,34,34,34,6
18765274,11263,11263,7,1,2.0,3,4,4,34,44,44,6
18803953,11263,4167,19,1,3.0,2,2,2,41,41,41,6
18826801,11263,11263,20,1,3.0,3,3,3,25,25,25,6
18831150,11263,11263,17,1,3.0,3,3,3,38,38,38,6
18841999,11263,11263,9,1,5.0,2,2,2,42,42,42,7
18842000,11263,11263,17,2,5.0,2,2,4,42,42,48,7
18870575,11263,1017,21,1,3.0,3,3,3,38,38,38,7
18874897,11263,3759,1,2,8.0,3,3,3,38,38,38,7
18874898,11263,6969,1,1,5.0,1,1,1,-17,-17,-17,7
18885733,11263,4167,21,1,5.0,2,4,4,36,14,14,7
18885734,11263,4181,21,1,2.0,2,2,2,27,27,27,7
18885736,11263,11263,20,3,6.0,3,3,3,30,30,30,7
18885737,11263,11263,11,1,1.0,3,3,3,25,25,25,7
18899499,11263,3759,21,1,6.0,2,2,2,42,42,42,7
18918349,11263,3759,20,1,1.0,3,3,3,47,47,47,7
18918350,11263,5838,8,1,2.0,3,3,1,38,38,-17,7
18918351,11263,11263,1,2,2.0,1,1,1,-17,-17,-17,7
18918352,11263,11302,20,1,4.0,3,3,3,38,38,38,7
18928504,11263,11263,1,1,2.0,3,3,3,31,31,31,7
18935025,11263,497,1,1,4.0,4,4,4,-25,-25,-25,7
18935026,11263,3099,1,1,2.0,4,4,4,-37,-37,-37,7
18949170,11263,11263,3,1,1.0,3,3,3,38,38,38,7
18985113,11263,11263,8,1,2.0,2,3,3,39,40,40,7
18992308,11263,11263,3,2,8.0,2,4,2,39,51,39,7
19013237,11263,3759,1,2,4.0,3,3,3,29,29,29,7
19013238,11263,3759,12,2,4.0,3,3,3,29,29,29,7
19013239,11263,3759,12,3,4.0,3,3,3,29,29,32,7
19019731,11263,2137,11,2,6.0,4,4,2,0,0,31,7
19019732,11263,11076,11,2,6.0,4,2,2,0,31,31,7
19045984,11263,4167,1,1,6.0,3,3,3,38,38,38,8
19045985,11263,11322,22,1,1.0,1,1,1,38,38,38,8
19051828,11263,11263,20,3,7.0,2,3,3,32,30,30,8
19131761,11263,4167,20,1,5.0,1,1,1,38,38,38,8
19131762,11263,4167,7,1,5.0,1,1,1,38,38,38,8
19145853,11263,1980,17,1,7.0,2,2,2,40,40,40,8
19153079,11263,1980,17,3,7.0,4,4,4,-25,-25,-25,8
19202741,11263,1212,12,1,2.0,1,2,1,13,21,13,8
19218330,11263,11263,9,1,2.0,3,3,3,34,34,34,9
19225916,11263,11263,5,1,1.0,3,3,3,32,26,32,9
19264022,11263,1212,10,1,5.0,2,4,2,31,6,31,9
19288361,11263,2885,21,1,3.0,3,3,3,42,42,42,9
19288362,11263,3759,21,1,3.0,3,3,3,38,38,38,9
19288363,11263,11263,1,1,2.0,3,3,3,38,38,38,9
19295506,11263,4167,9,1,6.0,1,1,1,38,13,13,9
19295507,11263,7033,20,1,2.0,0,0,0,0,0,0,9
19336380,11263,11263,19,1,2.0,2,2,2,40,41,40,9
19433503,11263,4167,21,1,1.0,3,3,3,25,25,25,10
19433504,11263,6213,1,1,8.0,3,3,3,41,41,41,10
19445999,11263,4167,20,1,1.0,1,1,1,41,41,41,10
19446000,11263,11263,20,1,1.0,3,3,3,32,32,32,10
19468886,11263,3759,22,1,1.0,1,1,1,15,15,15,10
19477340,11263,11263,14,1,1.0,4,0,0,37,0,0,10
19535557,11263,4167,2,1,7.0,3,3,3,38,38,38,10
19629800,11263,297,21,1,2.0,3,3,3,38,38,38,10
19629801,11263,297,12,2,2.0,4,4,4,45,45,25,10
19629802,11263,311,1,2,5.0,1,1,1,-6,-6,-6,10
19629803,11263,311,12,1,5.0,1,1,1,-6,-6,60,10
19629804,11263,11263,20,1,2.0,4,4,4,25,25,25,10
19655017,11263,11389,4,1,6.0,3,3,3,38,38,38,11
19671841,11263,4167,9,1,1.0,3,3,3,43,43,43,11
19671842,11263,4167,11,1,3.0,2,2,2,44,44,44,11
19688312,11263,297,1,2,5.0,3,3,1,38,38,46,11
19688313,11263,11263,1,1,1.0,3,4,1,38,25,46,11
19700120,11263,3844,21,1,1.0,3,3,1,31,31,42,11
19768729,11263,1426,1,1,3.0,2,2,2,39,39,39,11
19829529,11263,11263,1,1,4.0,2,2,2,27,27,27,11
19862249,11263,132,18,1,3.0,2,2,2,41,41,41,12
19886487,11263,4167,7,2,3.0,4,4,4,-41,-41,-41,12
19916950,11263,1414,6,1,2.0,1,1,1,38,38,38,12
19916951,11263,11263,4,1,2.0,1,1,1,-30,-30,-30,12
19916952,11263,11263,5,1,3.0,1,2,2,-30,27,27,12
19954671,11263,11263,8,1,5.0,3,3,3,41,41,41,12
19977124,11263,11263,21,1,1.0,2,1,1,27,40,40,12
19990202,11263,11263,1,1,2.0,1,1,1,15,15,15,12
20139101,11263,12928,11,1,9.0,4,4,4,-26,-26,-26,1
21205208,11263,4150,5,1,5.0,4,4,4,-26,-26,-26,7
21205209,11263,4150,10,1,5.0,4,4,4,-26,-26,-26,7
21205210,11263,4150,17,1,5.0,4,4,4,-26,-26,-26,7
21205211,11263,11376,5,1,5.0,4,4,4,-26,-26,-26,7
22099409,11263,2445,19,1,2.0,4,4,4,-26,-26,-26,12
22099410,11263,11366,19,1,2.0,4,4,4,-26,-26,-26,12
23803810,11263,11366,1,1,1.0,1,1,1,54,54,54,8
23803811,11263,11370,1,2,2.0,4,4,4,-26,-26,-26,8
24132311,11263,237,20,2,9.0,1,4,1,-12,-25,-12,9
24132312,11263,237,21,2,9.0,1,4,1,-12,-25,-12,9
24132313,11263,8667,20,3,9.0,1,4,1,-12,-25,-12,9
24132314,11263,8667,21,3,9.0,1,4,1,-12,-25,-12,9
27129734,11263,4150,1,1,4.0,4,4,4,-26,-26,-26,2
30884899,11263,4150,4,1,2.0,1,1,1,-26,-26,-26,10
30884900,11263,11366,4,1,2.0,1,1,1,-26,-26,-26,10
30903114,11263,2254,11,1,4.0,1,1,1,-26,-26,-26,10
30903115,11263,7497,11,1,9.0,4,4,4,-26,-11,-26,10
32918409,11263,4150,22,1,4.0,1,1,1,-26,-26,-26,5
32918410,11263,4150,5,1,4.0,1,1,1,-26,-26,-26,5
32918411,11263,11366,5,1,4.0,1,1,1,-26,-26,-26,5
36531264,11263,7024,11,1,5.0,4,4,4,-26,-26,-26,3
36531265,11263,7024,17,1,5.0,1,1,1,-26,-26,-26,3
37891986,11263,4150,3,1,1.0,1,1,1,-26,-26,-26,6
38347762,11263,5234,20,2,9.0,1,1,1,-26,-26,-26,7
38790654,11263,4150,4,1,9.0,4,4,4,65,65,65,9
38790655,11263,4150,17,1,9.0,1,1,1,-26,-26,-26,9
39499194,11263,7024,20,1,9.0,1,1,1,-26,-26,-26,10
39499195,11263,7024,17,1,9.0,1,1,1,-26,-26,-26,10
46924746,11263,9786,4,1,1.0,1,1,1,-4,-4,-4,11
46924747,11263,11236,4,1,1.0,4,4,0,-4,-4,0,11
52580895,11263,11236,5,2,10.0,4,4,4,40,40,40,9
71280620,11263,11361,20,1,10.0,1,1,1,-20,-20,-20,8
